"RefID","MarkdownFile","CurrentFullPath","PlantName","Category","Subfolder","CurrentFilename","NewFilename","NewFullPath"
"1","_builds\plant-displays\bluebells-001-planning-build.md","assets/images/projects/plant-displays/bluebells/build/plant-displays-bluebells-build-001.jpg","bluebells","build","","plant-displays-bluebells-build-001.jpg","blu-build-001.jpg","assets/images/projects/plant-displays/bluebells/build/blu-build-001.jpg"
"2","_builds\plant-displays\bluebells-001-planning-build.md","assets/images/projects/plant-displays/bluebells/planning/plant-displays-bluebells-planning-001.jpg","bluebells","planning","","plant-displays-bluebells-planning-001.jpg","",""
"3","_builds\plant-displays\bluebells-001-planning-build.md","assets/images/projects/plant-displays/bluebells/build/plant-displays-bluebells-build-001.jpg","bluebells","build","","plant-displays-bluebells-build-001.jpg","blu-build-001.jpg","assets/images/projects/plant-displays/bluebells/build/blu-build-001.jpg"
"4","_builds\plant-displays\bluebells-001-planning-build.md","assets/images/projects/plant-displays/bluebells/planning/bluebells-planning-english-bluebell-01.jpg","bluebells","planning","","bluebells-planning-english-bluebell-01.jpg","blu-planning-001.jpg","assets/images/projects/plant-displays/bluebells/planning/blu-planning-001.jpg"
"5","_builds\plant-displays\bluebells-001-planning-build.md","assets/images/projects/plant-displays/bluebells/planning/bluebells-planning-english-bluebell-02.jpg","bluebells","planning","","bluebells-planning-english-bluebell-02.jpg","blu-planning-002.jpg","assets/images/projects/plant-displays/bluebells/planning/blu-planning-002.jpg"
"6","_builds\plant-displays\bluebells-001-planning-build.md","assets/images/projects/plant-displays/bluebells/planning/bluebells-planning-spanish-bluebell-01.jpg","bluebells","planning","","bluebells-planning-spanish-bluebell-01.jpg","blu-planning-001.jpg","assets/images/projects/plant-displays/bluebells/planning/blu-planning-001.jpg"
"7","_builds\plant-displays\bluebells-001-planning-build.md","assets/images/projects/plant-displays/bluebells/planning/bluebells-planning-spanish-bluebell-02.jpg","bluebells","planning","","bluebells-planning-spanish-bluebell-02.jpg","blu-planning-002.jpg","assets/images/projects/plant-displays/bluebells/planning/blu-planning-002.jpg"
"8","_builds\plant-displays\bluebells-001-planning-build.md","assets/images/projects/plant-displays/bluebells/planning/bluebells-planning-muscari-01.jpg","bluebells","planning","","bluebells-planning-muscari-01.jpg","blu-planning-001.jpg","assets/images/projects/plant-displays/bluebells/planning/blu-planning-001.jpg"
"9","_builds\plant-displays\bluebells-001-planning-build.md","assets/images/projects/plant-displays/bluebells/planning/bulbs/plant-displays-bluebells-planning-029.jpg","bluebells","planning","bulbs","plant-displays-bluebells-planning-029.jpg","blu-planning-029.jpg","assets/images/projects/plant-displays/bluebells/planning/bulbs/blu-planning-029.jpg"
"10","_builds\plant-displays\bluebells-001-planning-build.md","assets/images/projects/plant-displays/bluebells/planning/bluebells-planning-scenery-01.jpg","bluebells","planning","","bluebells-planning-scenery-01.jpg","blu-planning-001.jpg","assets/images/projects/plant-displays/bluebells/planning/blu-planning-001.jpg"
"11","_builds\plant-displays\bluebells-001-planning-build.md","assets/images/projects/plant-displays/bluebells/planning/bluebells-planning-scenery-02.jpg","bluebells","planning","","bluebells-planning-scenery-02.jpg","blu-planning-002.jpg","assets/images/projects/plant-displays/bluebells/planning/blu-planning-002.jpg"
"12","_builds\plant-displays\bluebells-001-planning-build.md","assets/images/projects/plant-displays/bluebells/build/plant-displays-bluebells-build-001.jpg","bluebells","build","","plant-displays-bluebells-build-001.jpg","blu-build-001.jpg","assets/images/projects/plant-displays/bluebells/build/blu-build-001.jpg"
"13","_builds\plant-displays\bluebells-001-planning-build.md","assets/images/projects/plant-displays/bluebells/build/plant-displays-bluebells-build-002.jpg","bluebells","build","","plant-displays-bluebells-build-002.jpg","blu-build-002.jpg","assets/images/projects/plant-displays/bluebells/build/blu-build-002.jpg"
"14","_builds\plant-displays\bluebells-001-planning-build.md","assets/images/projects/plant-displays/bluebells/build/plant-displays-bluebells-build-003.jpg","bluebells","build","","plant-displays-bluebells-build-003.jpg","blu-build-003.jpg","assets/images/projects/plant-displays/bluebells/build/blu-build-003.jpg"
"15","_builds\plant-displays\bluebells-001-planning-build.md","assets/images/projects/plant-displays/bluebells/build/plant-displays-bluebells-build-004.jpg","bluebells","build","","plant-displays-bluebells-build-004.jpg","blu-build-004.jpg","assets/images/projects/plant-displays/bluebells/build/blu-build-004.jpg"
"16","_builds\plant-displays\bluebells-001-planning-build.md","assets/images/projects/plant-displays/bluebells/build/plant-displays-bluebells-build-005.jpg","bluebells","build","","plant-displays-bluebells-build-005.jpg","blu-build-005.jpg","assets/images/projects/plant-displays/bluebells/build/blu-build-005.jpg"
"17","_builds\plant-displays\daffodil-001-planning-build.md","assets/images/projects/plant-displays/daffodil/gallery/plant-displays-daffodil-gallery-001.jpg","daffodil","gallery","","plant-displays-daffodil-gallery-001.jpg","daf-gallery-001.jpg","assets/images/projects/plant-displays/daffodil/gallery/daf-gallery-001.jpg"
"18","_builds\plant-displays\daffodil-001-planning-build.md","assets/images/projects/plant-displays/daffodil/planning/plant-displays-daffodil-planning-001.jpg","daffodil","planning","","plant-displays-daffodil-planning-001.jpg","",""
"19","_builds\plant-displays\daffodil-001-planning-build.md","assets/images/projects/plant-displays/daffodil/planning/plant-displays-daffodil-planning-010.jpg","daffodil","planning","","plant-displays-daffodil-planning-010.jpg","",""
"20","_builds\plant-displays\daffodil-001-planning-build.md","assets/images/projects/plant-displays/daffodil/build/plant-displays-daffodil-build-001.jpg","daffodil","build","","plant-displays-daffodil-build-001.jpg","daf-build-001.jpg","assets/images/projects/plant-displays/daffodil/build/daf-build-001.jpg"
"21","_builds\plant-displays\daffodil-001-planning-build.md","assets/images/projects/plant-displays/daffodil/gallery/plant-displays-daffodil-gallery-001.jpg","daffodil","gallery","","plant-displays-daffodil-gallery-001.jpg","daf-gallery-001.jpg","assets/images/projects/plant-displays/daffodil/gallery/daf-gallery-001.jpg"
"22","_builds\plant-displays\daffodil-001-planning-build.md","assets/images/projects/plant-displays/daffodil/planning/daffodil-planning-flowers-01.jpg","daffodil","planning","","daffodil-planning-flowers-01.jpg","daf-planning-001.jpg","assets/images/projects/plant-displays/daffodil/planning/daf-planning-001.jpg"
"23","_builds\plant-displays\daffodil-001-planning-build.md","assets/images/projects/plant-displays/daffodil/planning/daffodil-planning-flowers-02.jpg","daffodil","planning","","daffodil-planning-flowers-02.jpg","daf-planning-002.jpg","assets/images/projects/plant-displays/daffodil/planning/daf-planning-002.jpg"
"24","_builds\plant-displays\daffodil-001-planning-build.md","assets/images/projects/plant-displays/daffodil/planning/daffodil-planning-flowers-03.jpg","daffodil","planning","","daffodil-planning-flowers-03.jpg","daf-planning-003.jpg","assets/images/projects/plant-displays/daffodil/planning/daf-planning-003.jpg"
"25","_builds\plant-displays\daffodil-001-planning-build.md","assets/images/projects/plant-displays/daffodil/planning/daffodil-planning-bulbs-01.jpg","daffodil","planning","","daffodil-planning-bulbs-01.jpg","daf-planning-001.jpg","assets/images/projects/plant-displays/daffodil/planning/daf-planning-001.jpg"
"26","_builds\plant-displays\daffodil-001-planning-build.md","assets/images/projects/plant-displays/daffodil/planning/daffodil-planning-scenes-01.jpg","daffodil","planning","","daffodil-planning-scenes-01.jpg","daf-planning-001.jpg","assets/images/projects/plant-displays/daffodil/planning/daf-planning-001.jpg"
"27","_builds\plant-displays\daffodil-001-planning-build.md","assets/images/projects/plant-displays/daffodil/planning/daffodil-planning-templates-01.jpg","daffodil","planning","","daffodil-planning-templates-01.jpg","daf-planning-001.jpg","assets/images/projects/plant-displays/daffodil/planning/daf-planning-001.jpg"
"28","_builds\plant-displays\daffodil-001-planning-build.md","assets/images/projects/plant-displays/daffodil/build/plant-displays-daffodil-build-001.jpg","daffodil","build","","plant-displays-daffodil-build-001.jpg","daf-build-001.jpg","assets/images/projects/plant-displays/daffodil/build/daf-build-001.jpg"
"29","_builds\plant-displays\daffodil-001-planning-build.md","assets/images/projects/plant-displays/daffodil/build/plant-displays-daffodil-build-002.jpg","daffodil","build","","plant-displays-daffodil-build-002.jpg","daf-build-002.jpg","assets/images/projects/plant-displays/daffodil/build/daf-build-002.jpg"
"30","_builds\plant-displays\daffodil-001-planning-build.md","assets/images/projects/plant-displays/daffodil/build/plant-displays-daffodil-build-003.jpg","daffodil","build","","plant-displays-daffodil-build-003.jpg","daf-build-003.jpg","assets/images/projects/plant-displays/daffodil/build/daf-build-003.jpg"
"31","_builds\plant-displays\daffodil-001-planning-build.md","assets/images/projects/plant-displays/daffodil/build/plant-displays-daffodil-build-004.jpg","daffodil","build","","plant-displays-daffodil-build-004.jpg","daf-build-004.jpg","assets/images/projects/plant-displays/daffodil/build/daf-build-004.jpg"
"32","_builds\plant-displays\daffodil-001-planning-build.md","assets/images/projects/plant-displays/daffodil/build/plant-displays-daffodil-build-005.jpg","daffodil","build","","plant-displays-daffodil-build-005.jpg","daf-build-005.jpg","assets/images/projects/plant-displays/daffodil/build/daf-build-005.jpg"
"33","_builds\plant-displays\daffodil-001-planning-build.md","assets/images/projects/plant-displays/daffodil/build/plant-displays-daffodil-build-006.jpg","daffodil","build","","plant-displays-daffodil-build-006.jpg","daf-build-006.jpg","assets/images/projects/plant-displays/daffodil/build/daf-build-006.jpg"
"34","_builds\plant-displays\daffodil-001-planning-build.md","assets/images/projects/plant-displays/daffodil/gallery/plant-displays-daffodil-gallery-001.jpg","daffodil","gallery","","plant-displays-daffodil-gallery-001.jpg","daf-gallery-001.jpg","assets/images/projects/plant-displays/daffodil/gallery/daf-gallery-001.jpg"
"35","_builds\plant-displays\ranunculus-001-planning-build.md","assets/images/projects/plant-displays/ranunculus/gallery/plant-displays-ranunculus-gallery-005.jpg","ranunculus","gallery","","plant-displays-ranunculus-gallery-005.jpg","ran-gallery-005.jpg","assets/images/projects/plant-displays/ranunculus/gallery/ran-gallery-005.jpg"
"36","_builds\plant-displays\ranunculus-001-planning-build.md","assets/images/projects/plant-displays/ranunculus/planning/plant-displays-ranunculus-planning-001.jpg","ranunculus","planning","","plant-displays-ranunculus-planning-001.jpg","",""
"37","_builds\plant-displays\ranunculus-001-planning-build.md","assets/images/projects/plant-displays/ranunculus/build/plant-displays-ranunculus-build-001.jpg","ranunculus","build","","plant-displays-ranunculus-build-001.jpg","ran-build-001.jpg","assets/images/projects/plant-displays/ranunculus/build/ran-build-001.jpg"
"38","_builds\plant-displays\ranunculus-001-planning-build.md","assets/images/projects/plant-displays/ranunculus/gallery/plant-displays-ranunculus-gallery-001.jpg","ranunculus","gallery","","plant-displays-ranunculus-gallery-001.jpg","ran-gallery-001.jpg","assets/images/projects/plant-displays/ranunculus/gallery/ran-gallery-001.jpg"
"39","_builds\plant-displays\ranunculus-001-planning-build.md","assets/images/projects/plant-displays/ranunculus/planning/plant-displays-ranunculus-planning-001.jpg","ranunculus","planning","","plant-displays-ranunculus-planning-001.jpg","",""
"40","_builds\plant-displays\ranunculus-001-planning-build.md","assets/images/projects/plant-displays/ranunculus/planning/plant-displays-ranunculus-planning-002.jpg","ranunculus","planning","","plant-displays-ranunculus-planning-002.jpg","ran-planning-002.jpg","assets/images/projects/plant-displays/ranunculus/planning/ran-planning-002.jpg"
"41","_builds\plant-displays\ranunculus-001-planning-build.md","assets/images/projects/plant-displays/ranunculus/planning/plant-displays-ranunculus-planning-003.jpg","ranunculus","planning","","plant-displays-ranunculus-planning-003.jpg","ran-planning-003.jpg","assets/images/projects/plant-displays/ranunculus/planning/ran-planning-003.jpg"
"42","_builds\plant-displays\ranunculus-001-planning-build.md","assets/images/projects/plant-displays/ranunculus/planning/plant-displays-ranunculus-planning-004.jpg","ranunculus","planning","","plant-displays-ranunculus-planning-004.jpg","ran-planning-004.jpg","assets/images/projects/plant-displays/ranunculus/planning/ran-planning-004.jpg"
"43","_builds\plant-displays\ranunculus-001-planning-build.md","assets/images/projects/plant-displays/ranunculus/planning/plant-displays-ranunculus-planning-005.jpg","ranunculus","planning","","plant-displays-ranunculus-planning-005.jpg","ran-planning-005.jpg","assets/images/projects/plant-displays/ranunculus/planning/ran-planning-005.jpg"
"44","_builds\plant-displays\ranunculus-001-planning-build.md","assets/images/projects/plant-displays/ranunculus/planning/plant-displays-ranunculus-planning-006.jpg","ranunculus","planning","","plant-displays-ranunculus-planning-006.jpg","ran-planning-006.jpg","assets/images/projects/plant-displays/ranunculus/planning/ran-planning-006.jpg"
"45","_builds\plant-displays\ranunculus-001-planning-build.md","assets/images/projects/plant-displays/ranunculus/planning/plant-displays-ranunculus-planning-007.jpg","ranunculus","planning","","plant-displays-ranunculus-planning-007.jpg","ran-planning-007.jpg","assets/images/projects/plant-displays/ranunculus/planning/ran-planning-007.jpg"
"46","_builds\plant-displays\ranunculus-001-planning-build.md","assets/images/projects/plant-displays/ranunculus/planning/plant-displays-ranunculus-planning-008.jpg","ranunculus","planning","","plant-displays-ranunculus-planning-008.jpg","ran-planning-008.jpg","assets/images/projects/plant-displays/ranunculus/planning/ran-planning-008.jpg"
"47","_builds\plant-displays\ranunculus-001-planning-build.md","assets/images/projects/plant-displays/ranunculus/planning/plant-displays-ranunculus-planning-009.jpg","ranunculus","planning","","plant-displays-ranunculus-planning-009.jpg","ran-planning-009.jpg","assets/images/projects/plant-displays/ranunculus/planning/ran-planning-009.jpg"
"48","_builds\plant-displays\ranunculus-001-planning-build.md","assets/images/projects/plant-displays/ranunculus/planning/plant-displays-ranunculus-planning-010.jpg","ranunculus","planning","","plant-displays-ranunculus-planning-010.jpg","ran-planning-010.jpg","assets/images/projects/plant-displays/ranunculus/planning/ran-planning-010.jpg"
"49","_builds\plant-displays\ranunculus-001-planning-build.md","assets/images/projects/plant-displays/ranunculus/planning/plant-displays-ranunculus-planning-011.jpg","ranunculus","planning","","plant-displays-ranunculus-planning-011.jpg","ran-planning-011.jpg","assets/images/projects/plant-displays/ranunculus/planning/ran-planning-011.jpg"
"50","_builds\plant-displays\ranunculus-001-planning-build.md","assets/images/projects/plant-displays/ranunculus/planning/plant-displays-ranunculus-planning-012.jpg","ranunculus","planning","","plant-displays-ranunculus-planning-012.jpg","ran-planning-012.jpg","assets/images/projects/plant-displays/ranunculus/planning/ran-planning-012.jpg"
"51","_builds\plant-displays\ranunculus-001-planning-build.md","assets/images/projects/plant-displays/ranunculus/planning/plant-displays-ranunculus-planning-013.jpg","ranunculus","planning","","plant-displays-ranunculus-planning-013.jpg","ran-planning-013.jpg","assets/images/projects/plant-displays/ranunculus/planning/ran-planning-013.jpg"
"52","_builds\plant-displays\ranunculus-001-planning-build.md","assets/images/projects/plant-displays/ranunculus/planning/plant-displays-ranunculus-planning-014.jpg","ranunculus","planning","","plant-displays-ranunculus-planning-014.jpg","ran-planning-014.jpg","assets/images/projects/plant-displays/ranunculus/planning/ran-planning-014.jpg"
"53","_builds\plant-displays\ranunculus-001-planning-build.md","assets/images/projects/plant-displays/ranunculus/planning/plant-displays-ranunculus-planning-015.jpg","ranunculus","planning","","plant-displays-ranunculus-planning-015.jpg","ran-planning-015.jpg","assets/images/projects/plant-displays/ranunculus/planning/ran-planning-015.jpg"
"54","_builds\plant-displays\ranunculus-001-planning-build.md","assets/images/projects/plant-displays/ranunculus/planning/plant-displays-ranunculus-planning-016.jpg","ranunculus","planning","","plant-displays-ranunculus-planning-016.jpg","ran-planning-016.jpg","assets/images/projects/plant-displays/ranunculus/planning/ran-planning-016.jpg"
"55","_builds\plant-displays\ranunculus-001-planning-build.md","assets/images/projects/plant-displays/ranunculus/planning/plant-displays-ranunculus-planning-017.jpg","ranunculus","planning","","plant-displays-ranunculus-planning-017.jpg","ran-planning-017.jpg","assets/images/projects/plant-displays/ranunculus/planning/ran-planning-017.jpg"
"56","_builds\plant-displays\ranunculus-001-planning-build.md","assets/images/projects/plant-displays/ranunculus/planning/plant-displays-ranunculus-planning-018.jpg","ranunculus","planning","","plant-displays-ranunculus-planning-018.jpg","ran-planning-018.jpg","assets/images/projects/plant-displays/ranunculus/planning/ran-planning-018.jpg"
"57","_builds\plant-displays\ranunculus-001-planning-build.md","assets/images/projects/plant-displays/ranunculus/planning/plant-displays-ranunculus-planning-019.jpg","ranunculus","planning","","plant-displays-ranunculus-planning-019.jpg","ran-planning-019.jpg","assets/images/projects/plant-displays/ranunculus/planning/ran-planning-019.jpg"
"58","_builds\plant-displays\ranunculus-001-planning-build.md","assets/images/projects/plant-displays/ranunculus/planning/plant-displays-ranunculus-planning-020.jpg","ranunculus","planning","","plant-displays-ranunculus-planning-020.jpg","ran-planning-020.jpg","assets/images/projects/plant-displays/ranunculus/planning/ran-planning-020.jpg"
"59","_builds\plant-displays\ranunculus-001-planning-build.md","assets/images/projects/plant-displays/ranunculus/planning/plant-displays-ranunculus-planning-021.jpg","ranunculus","planning","","plant-displays-ranunculus-planning-021.jpg","ran-planning-021.jpg","assets/images/projects/plant-displays/ranunculus/planning/ran-planning-021.jpg"
"60","_builds\plant-displays\ranunculus-001-planning-build.md","assets/images/projects/plant-displays/ranunculus/planning/plant-displays-ranunculus-planning-022.jpg","ranunculus","planning","","plant-displays-ranunculus-planning-022.jpg","ran-planning-022.jpg","assets/images/projects/plant-displays/ranunculus/planning/ran-planning-022.jpg"
"61","_builds\plant-displays\ranunculus-001-planning-build.md","assets/images/projects/plant-displays/ranunculus/planning/plant-displays-ranunculus-planning-023.jpg","ranunculus","planning","","plant-displays-ranunculus-planning-023.jpg","ran-planning-023.jpg","assets/images/projects/plant-displays/ranunculus/planning/ran-planning-023.jpg"
"62","_builds\plant-displays\ranunculus-001-planning-build.md","assets/images/projects/plant-displays/ranunculus/planning/plant-displays-ranunculus-planning-024.jpg","ranunculus","planning","","plant-displays-ranunculus-planning-024.jpg","ran-planning-024.jpg","assets/images/projects/plant-displays/ranunculus/planning/ran-planning-024.jpg"
"63","_builds\plant-displays\ranunculus-001-planning-build.md","assets/images/projects/plant-displays/ranunculus/planning/plant-displays-ranunculus-planning-025.jpg","ranunculus","planning","","plant-displays-ranunculus-planning-025.jpg","ran-planning-025.jpg","assets/images/projects/plant-displays/ranunculus/planning/ran-planning-025.jpg"
"64","_builds\plant-displays\ranunculus-001-planning-build.md","assets/images/projects/plant-displays/ranunculus/planning/plant-displays-ranunculus-planning-026.jpg","ranunculus","planning","","plant-displays-ranunculus-planning-026.jpg","ran-planning-026.jpg","assets/images/projects/plant-displays/ranunculus/planning/ran-planning-026.jpg"
"65","_builds\plant-displays\ranunculus-001-planning-build.md","assets/images/projects/plant-displays/ranunculus/planning/plant-displays-ranunculus-planning-027.jpg","ranunculus","planning","","plant-displays-ranunculus-planning-027.jpg","ran-planning-027.jpg","assets/images/projects/plant-displays/ranunculus/planning/ran-planning-027.jpg"
"66","_builds\plant-displays\ranunculus-001-planning-build.md","assets/images/projects/plant-displays/ranunculus/planning/plant-displays-ranunculus-planning-028.jpg","ranunculus","planning","","plant-displays-ranunculus-planning-028.jpg","ran-planning-028.jpg","assets/images/projects/plant-displays/ranunculus/planning/ran-planning-028.jpg"
"67","_builds\plant-displays\ranunculus-001-planning-build.md","assets/images/projects/plant-displays/ranunculus/planning/plant-displays-ranunculus-planning-029.jpg","ranunculus","planning","","plant-displays-ranunculus-planning-029.jpg","ran-planning-029.jpg","assets/images/projects/plant-displays/ranunculus/planning/ran-planning-029.jpg"
"68","_builds\plant-displays\ranunculus-001-planning-build.md","assets/images/projects/plant-displays/ranunculus/planning/plant-displays-ranunculus-planning-030.jpg","ranunculus","planning","","plant-displays-ranunculus-planning-030.jpg","ran-planning-030.jpg","assets/images/projects/plant-displays/ranunculus/planning/ran-planning-030.jpg"
"69","_builds\plant-displays\ranunculus-001-planning-build.md","assets/images/projects/plant-displays/ranunculus/planning/plant-displays-ranunculus-planning-031.jpg","ranunculus","planning","","plant-displays-ranunculus-planning-031.jpg","ran-planning-031.jpg","assets/images/projects/plant-displays/ranunculus/planning/ran-planning-031.jpg"
"70","_builds\plant-displays\ranunculus-001-planning-build.md","assets/images/projects/plant-displays/ranunculus/planning/plant-displays-ranunculus-planning-032.jpg","ranunculus","planning","","plant-displays-ranunculus-planning-032.jpg","ran-planning-032.jpg","assets/images/projects/plant-displays/ranunculus/planning/ran-planning-032.jpg"
"71","_builds\plant-displays\ranunculus-001-planning-build.md","assets/images/projects/plant-displays/ranunculus/planning/plant-displays-ranunculus-planning-033.jpg","ranunculus","planning","","plant-displays-ranunculus-planning-033.jpg","ran-planning-033.jpg","assets/images/projects/plant-displays/ranunculus/planning/ran-planning-033.jpg"
"72","_builds\plant-displays\ranunculus-001-planning-build.md","assets/images/projects/plant-displays/ranunculus/planning/plant-displays-ranunculus-planning-034.jpg","ranunculus","planning","","plant-displays-ranunculus-planning-034.jpg","ran-planning-034.jpg","assets/images/projects/plant-displays/ranunculus/planning/ran-planning-034.jpg"
"73","_builds\plant-displays\ranunculus-001-planning-build.md","assets/images/projects/plant-displays/ranunculus/planning/plant-displays-ranunculus-planning-035.jpg","ranunculus","planning","","plant-displays-ranunculus-planning-035.jpg","ran-planning-035.jpg","assets/images/projects/plant-displays/ranunculus/planning/ran-planning-035.jpg"
"74","_builds\plant-displays\ranunculus-001-planning-build.md","assets/images/projects/plant-displays/ranunculus/planning/plant-displays-ranunculus-planning-036.jpg","ranunculus","planning","","plant-displays-ranunculus-planning-036.jpg","ran-planning-036.jpg","assets/images/projects/plant-displays/ranunculus/planning/ran-planning-036.jpg"
"75","_builds\plant-displays\ranunculus-001-planning-build.md","assets/images/projects/plant-displays/ranunculus/planning/plant-displays-ranunculus-planning-037.jpg","ranunculus","planning","","plant-displays-ranunculus-planning-037.jpg","ran-planning-037.jpg","assets/images/projects/plant-displays/ranunculus/planning/ran-planning-037.jpg"
"76","_builds\plant-displays\ranunculus-001-planning-build.md","assets/images/projects/plant-displays/ranunculus/planning/plant-displays-ranunculus-planning-038.jpg","ranunculus","planning","","plant-displays-ranunculus-planning-038.jpg","ran-planning-038.jpg","assets/images/projects/plant-displays/ranunculus/planning/ran-planning-038.jpg"
"77","_builds\plant-displays\ranunculus-001-planning-build.md","assets/images/projects/plant-displays/ranunculus/planning/plant-displays-ranunculus-planning-039.jpg","ranunculus","planning","","plant-displays-ranunculus-planning-039.jpg","ran-planning-039.jpg","assets/images/projects/plant-displays/ranunculus/planning/ran-planning-039.jpg"
"78","_builds\plant-displays\ranunculus-001-planning-build.md","assets/images/projects/plant-displays/ranunculus/planning/plant-displays-ranunculus-planning-040.jpg","ranunculus","planning","","plant-displays-ranunculus-planning-040.jpg","ran-planning-040.jpg","assets/images/projects/plant-displays/ranunculus/planning/ran-planning-040.jpg"
"79","_builds\plant-displays\ranunculus-001-planning-build.md","assets/images/projects/plant-displays/ranunculus/planning/plant-displays-ranunculus-planning-041.jpg","ranunculus","planning","","plant-displays-ranunculus-planning-041.jpg","ran-planning-041.jpg","assets/images/projects/plant-displays/ranunculus/planning/ran-planning-041.jpg"
"80","_builds\plant-displays\ranunculus-001-planning-build.md","assets/images/projects/plant-displays/ranunculus/planning/plant-displays-ranunculus-planning-042.jpg","ranunculus","planning","","plant-displays-ranunculus-planning-042.jpg","ran-planning-042.jpg","assets/images/projects/plant-displays/ranunculus/planning/ran-planning-042.jpg"
"81","_builds\plant-displays\ranunculus-001-planning-build.md","assets/images/projects/plant-displays/ranunculus/planning/plant-displays-ranunculus-planning-043.jpg","ranunculus","planning","","plant-displays-ranunculus-planning-043.jpg","ran-planning-043.jpg","assets/images/projects/plant-displays/ranunculus/planning/ran-planning-043.jpg"
"82","_builds\plant-displays\ranunculus-001-planning-build.md","assets/images/projects/plant-displays/ranunculus/planning/plant-displays-ranunculus-planning-044.jpg","ranunculus","planning","","plant-displays-ranunculus-planning-044.jpg","ran-planning-044.jpg","assets/images/projects/plant-displays/ranunculus/planning/ran-planning-044.jpg"
"83","_builds\plant-displays\ranunculus-001-planning-build.md","assets/images/projects/plant-displays/ranunculus/build/plant-displays-ranunculus-build-001.jpg","ranunculus","build","","plant-displays-ranunculus-build-001.jpg","ran-build-001.jpg","assets/images/projects/plant-displays/ranunculus/build/ran-build-001.jpg"
"84","_builds\plant-displays\ranunculus-001-planning-build.md","assets/images/projects/plant-displays/ranunculus/build/plant-displays-ranunculus-build-002.jpg","ranunculus","build","","plant-displays-ranunculus-build-002.jpg","ran-build-002.jpg","assets/images/projects/plant-displays/ranunculus/build/ran-build-002.jpg"
"85","_builds\plant-displays\ranunculus-001-planning-build.md","assets/images/projects/plant-displays/ranunculus/build/plant-displays-ranunculus-build-003.jpg","ranunculus","build","","plant-displays-ranunculus-build-003.jpg","ran-build-003.jpg","assets/images/projects/plant-displays/ranunculus/build/ran-build-003.jpg"
"86","_builds\plant-displays\ranunculus-001-planning-build.md","assets/images/projects/plant-displays/ranunculus/gallery/plant-displays-ranunculus-gallery-001.jpg","ranunculus","gallery","","plant-displays-ranunculus-gallery-001.jpg","ran-gallery-001.jpg","assets/images/projects/plant-displays/ranunculus/gallery/ran-gallery-001.jpg"
"87","_builds\plant-displays\ranunculus-001-planning-build.md","assets/images/projects/plant-displays/ranunculus/gallery/plant-displays-ranunculus-gallery-002.jpg","ranunculus","gallery","","plant-displays-ranunculus-gallery-002.jpg","ran-gallery-002.jpg","assets/images/projects/plant-displays/ranunculus/gallery/ran-gallery-002.jpg"
"88","_builds\plant-displays\ranunculus-001-planning-build.md","assets/images/projects/plant-displays/ranunculus/gallery/plant-displays-ranunculus-gallery-003.jpg","ranunculus","gallery","","plant-displays-ranunculus-gallery-003.jpg","ran-gallery-003.jpg","assets/images/projects/plant-displays/ranunculus/gallery/ran-gallery-003.jpg"
"89","_builds\plant-displays\ranunculus-001-planning-build.md","assets/images/projects/plant-displays/ranunculus/gallery/plant-displays-ranunculus-gallery-004.jpg","ranunculus","gallery","","plant-displays-ranunculus-gallery-004.jpg","ran-gallery-004.jpg","assets/images/projects/plant-displays/ranunculus/gallery/ran-gallery-004.jpg"
"90","_builds\plant-displays\ranunculus-001-planning-build.md","assets/images/projects/plant-displays/ranunculus/gallery/plant-displays-ranunculus-gallery-005.jpg","ranunculus","gallery","","plant-displays-ranunculus-gallery-005.jpg","ran-gallery-005.jpg","assets/images/projects/plant-displays/ranunculus/gallery/ran-gallery-005.jpg"
"91","_builds\plant-displays\ranunculus-001-planning-build.md","assets/images/projects/plant-displays/ranunculus/gallery/plant-displays-ranunculus-gallery-006.jpg","ranunculus","gallery","","plant-displays-ranunculus-gallery-006.jpg","ran-gallery-006.jpg","assets/images/projects/plant-displays/ranunculus/gallery/ran-gallery-006.jpg"
"92","_builds\plant-displays\ranunculus-001-planning-build.md","assets/images/projects/plant-displays/ranunculus/gallery/plant-displays-ranunculus-gallery-007.jpg","ranunculus","gallery","","plant-displays-ranunculus-gallery-007.jpg","ran-gallery-007.jpg","assets/images/projects/plant-displays/ranunculus/gallery/ran-gallery-007.jpg"
"93","_builds\plant-displays\ranunculus-001-planning-build.md","assets/images/projects/plant-displays/ranunculus/gallery/plant-displays-ranunculus-gallery-008.jpg","ranunculus","gallery","","plant-displays-ranunculus-gallery-008.jpg","ran-gallery-008.jpg","assets/images/projects/plant-displays/ranunculus/gallery/ran-gallery-008.jpg"
"94","_builds\plant-displays\ranunculus-001-planning-build.md","assets/images/projects/plant-displays/ranunculus/gallery/plant-displays-ranunculus-gallery-009.jpg","ranunculus","gallery","","plant-displays-ranunculus-gallery-009.jpg","ran-gallery-009.jpg","assets/images/projects/plant-displays/ranunculus/gallery/ran-gallery-009.jpg"
"95","_builds\plant-displays\ranunculus-001-planning-build.md","assets/images/projects/plant-displays/ranunculus/gallery/plant-displays-ranunculus-gallery-010.jpg","ranunculus","gallery","","plant-displays-ranunculus-gallery-010.jpg","ran-gallery-010.jpg","assets/images/projects/plant-displays/ranunculus/gallery/ran-gallery-010.jpg"
"96","_builds\plant-displays\ranunculus-001-planning-build.md","assets/images/projects/plant-displays/ranunculus/gallery/plant-displays-ranunculus-gallery-011.jpg","ranunculus","gallery","","plant-displays-ranunculus-gallery-011.jpg","ran-gallery-011.jpg","assets/images/projects/plant-displays/ranunculus/gallery/ran-gallery-011.jpg"
"97","_builds\plant-displays\snowdrops-001-planning-build.md","assets/images/projects/plant-displays/snowdrops/gallery/plant-displays-snowdrops-gallery-001.jpg","snowdrops","gallery","","plant-displays-snowdrops-gallery-001.jpg","sno-gallery-001.jpg","assets/images/projects/plant-displays/snowdrops/gallery/sno-gallery-001.jpg"
"98","_builds\plant-displays\snowdrops-001-planning-build.md","assets/images/projects/plant-displays/snowdrops/planning/plant-displays-snowdrops-planning-001.jpg","snowdrops","planning","","plant-displays-snowdrops-planning-001.jpg","sno-planning-001.jpg","assets/images/projects/plant-displays/snowdrops/planning/sno-planning-001.jpg"
"99","_builds\plant-displays\snowdrops-001-planning-build.md","assets/images/projects/plant-displays/snowdrops/build/plant-displays-snowdrops-build-001.jpg","snowdrops","build","","plant-displays-snowdrops-build-001.jpg","sno-build-001.jpg","assets/images/projects/plant-displays/snowdrops/build/sno-build-001.jpg"
"100","_builds\plant-displays\snowdrops-001-planning-build.md","assets/images/projects/plant-displays/snowdrops/gallery/plant-displays-snowdrops-gallery-001.jpg","snowdrops","gallery","","plant-displays-snowdrops-gallery-001.jpg","sno-gallery-001.jpg","assets/images/projects/plant-displays/snowdrops/gallery/sno-gallery-001.jpg"
"101","_builds\plant-displays\snowdrops-001-planning-build.md","assets/images/projects/plant-displays/snowdrops/planning/plant-displays-snowdrops-planning-001.jpg","snowdrops","planning","","plant-displays-snowdrops-planning-001.jpg","sno-planning-001.jpg","assets/images/projects/plant-displays/snowdrops/planning/sno-planning-001.jpg"
"102","_builds\plant-displays\snowdrops-001-planning-build.md","assets/images/projects/plant-displays/snowdrops/planning/plant-displays-snowdrops-planning-002.jpg","snowdrops","planning","","plant-displays-snowdrops-planning-002.jpg","sno-planning-002.jpg","assets/images/projects/plant-displays/snowdrops/planning/sno-planning-002.jpg"
"103","_builds\plant-displays\snowdrops-001-planning-build.md","assets/images/projects/plant-displays/snowdrops/planning/plant-displays-snowdrops-planning-003.jpg","snowdrops","planning","","plant-displays-snowdrops-planning-003.jpg","sno-planning-003.jpg","assets/images/projects/plant-displays/snowdrops/planning/sno-planning-003.jpg"
"104","_builds\plant-displays\snowdrops-001-planning-build.md","assets/images/projects/plant-displays/snowdrops/planning/plant-displays-snowdrops-planning-004.jpg","snowdrops","planning","","plant-displays-snowdrops-planning-004.jpg","sno-planning-004.jpg","assets/images/projects/plant-displays/snowdrops/planning/sno-planning-004.jpg"
"105","_builds\plant-displays\snowdrops-001-planning-build.md","assets/images/projects/plant-displays/snowdrops/planning/plant-displays-snowdrops-planning-005.jpg","snowdrops","planning","","plant-displays-snowdrops-planning-005.jpg","sno-planning-005.jpg","assets/images/projects/plant-displays/snowdrops/planning/sno-planning-005.jpg"
"106","_builds\plant-displays\snowdrops-001-planning-build.md","assets/images/projects/plant-displays/snowdrops/planning/plant-displays-snowdrops-planning-006.jpg","snowdrops","planning","","plant-displays-snowdrops-planning-006.jpg","sno-planning-006.jpg","assets/images/projects/plant-displays/snowdrops/planning/sno-planning-006.jpg"
"107","_builds\plant-displays\snowdrops-001-planning-build.md","assets/images/projects/plant-displays/snowdrops/planning/plant-displays-snowdrops-planning-007.jpg","snowdrops","planning","","plant-displays-snowdrops-planning-007.jpg","sno-planning-007.jpg","assets/images/projects/plant-displays/snowdrops/planning/sno-planning-007.jpg"
"108","_builds\plant-displays\snowdrops-001-planning-build.md","assets/images/projects/plant-displays/snowdrops/planning/plant-displays-snowdrops-planning-008.jpg","snowdrops","planning","","plant-displays-snowdrops-planning-008.jpg","sno-planning-008.jpg","assets/images/projects/plant-displays/snowdrops/planning/sno-planning-008.jpg"
"109","_builds\plant-displays\snowdrops-001-planning-build.md","assets/images/projects/plant-displays/snowdrops/planning/plant-displays-snowdrops-planning-009.jpg","snowdrops","planning","","plant-displays-snowdrops-planning-009.jpg","sno-planning-009.jpg","assets/images/projects/plant-displays/snowdrops/planning/sno-planning-009.jpg"
"110","_builds\plant-displays\snowdrops-001-planning-build.md","assets/images/projects/plant-displays/snowdrops/planning/plant-displays-snowdrops-planning-010.jpg","snowdrops","planning","","plant-displays-snowdrops-planning-010.jpg","sno-planning-010.jpg","assets/images/projects/plant-displays/snowdrops/planning/sno-planning-010.jpg"
"111","_builds\plant-displays\snowdrops-001-planning-build.md","assets/images/projects/plant-displays/snowdrops/planning/plant-displays-snowdrops-planning-011.jpg","snowdrops","planning","","plant-displays-snowdrops-planning-011.jpg","sno-planning-011.jpg","assets/images/projects/plant-displays/snowdrops/planning/sno-planning-011.jpg"
"112","_builds\plant-displays\snowdrops-001-planning-build.md","assets/images/projects/plant-displays/snowdrops/planning/plant-displays-snowdrops-planning-012.jpg","snowdrops","planning","","plant-displays-snowdrops-planning-012.jpg","sno-planning-012.jpg","assets/images/projects/plant-displays/snowdrops/planning/sno-planning-012.jpg"
"113","_builds\plant-displays\snowdrops-001-planning-build.md","assets/images/projects/plant-displays/snowdrops/planning/plant-displays-snowdrops-planning-013.jpg","snowdrops","planning","","plant-displays-snowdrops-planning-013.jpg","sno-planning-013.jpg","assets/images/projects/plant-displays/snowdrops/planning/sno-planning-013.jpg"
"114","_builds\plant-displays\snowdrops-001-planning-build.md","assets/images/projects/plant-displays/snowdrops/planning/plant-displays-snowdrops-planning-014.jpg","snowdrops","planning","","plant-displays-snowdrops-planning-014.jpg","sno-planning-014.jpg","assets/images/projects/plant-displays/snowdrops/planning/sno-planning-014.jpg"
"115","_builds\plant-displays\snowdrops-001-planning-build.md","assets/images/projects/plant-displays/snowdrops/planning/plant-displays-snowdrops-planning-015.jpg","snowdrops","planning","","plant-displays-snowdrops-planning-015.jpg","sno-planning-015.jpg","assets/images/projects/plant-displays/snowdrops/planning/sno-planning-015.jpg"
"116","_builds\plant-displays\snowdrops-001-planning-build.md","assets/images/projects/plant-displays/snowdrops/planning/plant-displays-snowdrops-planning-016.jpg","snowdrops","planning","","plant-displays-snowdrops-planning-016.jpg","sno-planning-016.jpg","assets/images/projects/plant-displays/snowdrops/planning/sno-planning-016.jpg"
"117","_builds\plant-displays\snowdrops-001-planning-build.md","assets/images/projects/plant-displays/snowdrops/planning/plant-displays-snowdrops-planning-017.jpg","snowdrops","planning","","plant-displays-snowdrops-planning-017.jpg","sno-planning-017.jpg","assets/images/projects/plant-displays/snowdrops/planning/sno-planning-017.jpg"
"118","_builds\plant-displays\snowdrops-001-planning-build.md","assets/images/projects/plant-displays/snowdrops/build/plant-displays-snowdrops-build-001.jpg","snowdrops","build","","plant-displays-snowdrops-build-001.jpg","sno-build-001.jpg","assets/images/projects/plant-displays/snowdrops/build/sno-build-001.jpg"
"119","_builds\plant-displays\snowdrops-001-planning-build.md","assets/images/projects/plant-displays/snowdrops/build/plant-displays-snowdrops-build-002.jpg","snowdrops","build","","plant-displays-snowdrops-build-002.jpg","sno-build-002.jpg","assets/images/projects/plant-displays/snowdrops/build/sno-build-002.jpg"
"120","_builds\plant-displays\snowdrops-001-planning-build.md","assets/images/projects/plant-displays/snowdrops/gallery/plant-displays-snowdrops-gallery-001.jpg","snowdrops","gallery","","plant-displays-snowdrops-gallery-001.jpg","sno-gallery-001.jpg","assets/images/projects/plant-displays/snowdrops/gallery/sno-gallery-001.jpg"
"121","_builds\plant-displays\snowdrops-001-planning-build.md","assets/images/projects/plant-displays/snowdrops/gallery/plant-displays-snowdrops-gallery-002.jpg","snowdrops","gallery","","plant-displays-snowdrops-gallery-002.jpg","sno-gallery-002.jpg","assets/images/projects/plant-displays/snowdrops/gallery/sno-gallery-002.jpg"
"122","_builds\plant-displays\snowdrops-001-planning-build.md","assets/images/projects/plant-displays/snowdrops/gallery/plant-displays-snowdrops-gallery-003.jpg","snowdrops","gallery","","plant-displays-snowdrops-gallery-003.jpg","sno-gallery-003.jpg","assets/images/projects/plant-displays/snowdrops/gallery/sno-gallery-003.jpg"
"123","_builds\plant-displays\snowdrops-001-planning-build.md","assets/images/projects/plant-displays/snowdrops/gallery/plant-displays-snowdrops-gallery-004.jpg","snowdrops","gallery","","plant-displays-snowdrops-gallery-004.jpg","sno-gallery-004.jpg","assets/images/projects/plant-displays/snowdrops/gallery/sno-gallery-004.jpg"
"124","_builds\plant-displays\snowdrops-001-planning-build.md","assets/images/projects/plant-displays/snowdrops/gallery/plant-displays-snowdrops-gallery-005.jpg","snowdrops","gallery","","plant-displays-snowdrops-gallery-005.jpg","sno-gallery-005.jpg","assets/images/projects/plant-displays/snowdrops/gallery/sno-gallery-005.jpg"
"125","_builds\plant-displays\protea-001-planning-build.md","assets/images/projects/plant-displays/protea/planning/plant-displays-protea-planning-001.jpg","protea","planning","","plant-displays-protea-planning-001.jpg","pro-planning-001.jpg","assets/images/projects/plant-displays/protea/planning/pro-planning-001.jpg"
"126","_builds\plant-displays\protea-001-planning-build.md","assets/images/projects/plant-displays/protea/planning/plant-displays-protea-planning-001.jpg","protea","planning","","plant-displays-protea-planning-001.jpg","pro-planning-001.jpg","assets/images/projects/plant-displays/protea/planning/pro-planning-001.jpg"
"127","_builds\plant-displays\protea-001-planning-build.md","assets/images/projects/plant-displays/protea/planning/plant-displays-protea-planning-001.jpg","protea","planning","","plant-displays-protea-planning-001.jpg","pro-planning-001.jpg","assets/images/projects/plant-displays/protea/planning/pro-planning-001.jpg"
"128","_builds\plant-displays\protea-001-planning-build.md","assets/images/projects/plant-displays/protea/planning/plant-displays-protea-planning-002.jpg","protea","planning","","plant-displays-protea-planning-002.jpg","pro-planning-002.jpg","assets/images/projects/plant-displays/protea/planning/pro-planning-002.jpg"
"129","_builds\plant-displays\protea-001-planning-build.md","assets/images/projects/plant-displays/protea/planning/plant-displays-protea-planning-003.jpg","protea","planning","","plant-displays-protea-planning-003.jpg","pro-planning-003.jpg","assets/images/projects/plant-displays/protea/planning/pro-planning-003.jpg"
"130","_builds\plant-displays\protea-001-planning-build.md","assets/images/projects/plant-displays/protea/planning/plant-displays-protea-planning-004.jpg","protea","planning","","plant-displays-protea-planning-004.jpg","pro-planning-004.jpg","assets/images/projects/plant-displays/protea/planning/pro-planning-004.jpg"
"131","_builds\plant-displays\strelitzia-001-planning-build.md","assets/images/projects/plant-displays/strelitzia/planning/plant-displays-strelitzia-planning-001.jpg","strelitzia","planning","","plant-displays-strelitzia-planning-001.jpg","str-planning-001.jpg","assets/images/projects/plant-displays/strelitzia/planning/str-planning-001.jpg"
"132","_builds\plant-displays\strelitzia-001-planning-build.md","assets/images/projects/plant-displays/strelitzia/planning/plant-displays-strelitzia-planning-001.jpg","strelitzia","planning","","plant-displays-strelitzia-planning-001.jpg","str-planning-001.jpg","assets/images/projects/plant-displays/strelitzia/planning/str-planning-001.jpg"
"133","_builds\plant-displays\strelitzia-001-planning-build.md","assets/images/projects/plant-displays/strelitzia/planning/plant-displays-strelitzia-planning-001.jpg","strelitzia","planning","","plant-displays-strelitzia-planning-001.jpg","str-planning-001.jpg","assets/images/projects/plant-displays/strelitzia/planning/str-planning-001.jpg"
"134","_builds\plant-displays\strelitzia-001-planning-build.md","assets/images/projects/plant-displays/strelitzia/planning/plant-displays-strelitzia-planning-002.jpg","strelitzia","planning","","plant-displays-strelitzia-planning-002.jpg","str-planning-002.jpg","assets/images/projects/plant-displays/strelitzia/planning/str-planning-002.jpg"
"135","_builds\plant-displays\strelitzia-001-planning-build.md","assets/images/projects/plant-displays/strelitzia/planning/plant-displays-strelitzia-planning-003.jpg","strelitzia","planning","","plant-displays-strelitzia-planning-003.jpg","str-planning-003.jpg","assets/images/projects/plant-displays/strelitzia/planning/str-planning-003.jpg"
"136","_builds\plant-displays\strelitzia-001-planning-build.md","assets/images/projects/plant-displays/strelitzia/planning/plant-displays-strelitzia-planning-004.jpg","strelitzia","planning","","plant-displays-strelitzia-planning-004.jpg","str-planning-004.jpg","assets/images/projects/plant-displays/strelitzia/planning/str-planning-004.jpg"
"137","_builds\plant-displays\strelitzia-001-planning-build.md","assets/images/projects/plant-displays/strelitzia/planning/plant-displays-strelitzia-planning-005.jpg","strelitzia","planning","","plant-displays-strelitzia-planning-005.jpg","str-planning-005.jpg","assets/images/projects/plant-displays/strelitzia/planning/str-planning-005.jpg"
"138","_builds\plant-displays\strelitzia-001-planning-build.md","assets/images/projects/plant-displays/strelitzia/planning/plant-displays-strelitzia-planning-006.jpg","strelitzia","planning","","plant-displays-strelitzia-planning-006.jpg","str-planning-006.jpg","assets/images/projects/plant-displays/strelitzia/planning/str-planning-006.jpg"
"139","_builds\plant-displays\strelitzia-001-planning-build.md","assets/images/projects/plant-displays/strelitzia/planning/plant-displays-strelitzia-planning-007.jpg","strelitzia","planning","","plant-displays-strelitzia-planning-007.jpg","str-planning-007.jpg","assets/images/projects/plant-displays/strelitzia/planning/str-planning-007.jpg"
"140","_builds\plant-displays\poinsettia-001-planning-build.md","assets/images/projects/plant-displays/hibiscus/planning/hib-planning-001.jpg","hibiscus","planning","","hib-planning-001.jpg","hib-planning-001.jpg","assets/images/projects/plant-displays/hibiscus/planning/hib-planning-001.jpg"
"141","_builds\plant-displays\poinsettia-001-planning-build.md","assets/images/projects/plant-displays/hibiscus/planning/hib-planning-001.jpg","hibiscus","planning","","hib-planning-001.jpg","hib-planning-001.jpg","assets/images/projects/plant-displays/hibiscus/planning/hib-planning-001.jpg"
"142","_builds\plant-displays\poinsettia-001-planning-build.md","assets/images/projects/plant-displays/hibiscus/planning/hib-planning-001.jpg","hibiscus","planning","","hib-planning-001.jpg","hib-planning-001.jpg","assets/images/projects/plant-displays/hibiscus/planning/hib-planning-001.jpg"
"143","_builds\plant-displays\poinsettia-001-planning-build.md","assets/images/projects/plant-displays/hibiscus/planning/hib-planning-002.jpg","hibiscus","planning","","hib-planning-002.jpg","hib-planning-002.jpg","assets/images/projects/plant-displays/hibiscus/planning/hib-planning-002.jpg"
"144","_builds\plant-displays\poinsettia-001-planning-build.md","assets/images/projects/plant-displays/hibiscus/planning/hib-planning-003.jpg","hibiscus","planning","","hib-planning-003.jpg","hib-planning-003.jpg","assets/images/projects/plant-displays/hibiscus/planning/hib-planning-003.jpg"
"145","_builds\plant-displays\poinsettia-001-planning-build.md","assets/images/projects/plant-displays/hibiscus/planning/hib-planning-004.jpg","hibiscus","planning","","hib-planning-004.jpg","hib-planning-004.jpg","assets/images/projects/plant-displays/hibiscus/planning/hib-planning-004.jpg"
"146","_builds\plant-displays\poinsettia-001-planning-build.md","assets/images/projects/plant-displays/hibiscus/planning/hib-planning-005.jpg","hibiscus","planning","","hib-planning-005.jpg","hib-planning-005.jpg","assets/images/projects/plant-displays/hibiscus/planning/hib-planning-005.jpg"
"147","_builds\plant-displays\poinsettia-001-planning-build.md","assets/images/projects/plant-displays/hibiscus/planning/hib-planning-006.jpg","hibiscus","planning","","hib-planning-006.jpg","hib-planning-006.jpg","assets/images/projects/plant-displays/hibiscus/planning/hib-planning-006.jpg"
"148","_projects\plant-displays.md","assets/images/projects/plant-displays/ranunculus/gallery/plant-displays-ranunculus-gallery-005.jpg","ranunculus","gallery","","plant-displays-ranunculus-gallery-005.jpg","ran-gallery-005.jpg","assets/images/projects/plant-displays/ranunculus/gallery/ran-gallery-005.jpg"
"149","_projects\plant-displays.md","assets/images/projects/plant-displays/ranunculus/gallery/plant-displays-ranunculus-gallery-005.jpg","ranunculus","gallery","","plant-displays-ranunculus-gallery-005.jpg","ran-gallery-005.jpg","assets/images/projects/plant-displays/ranunculus/gallery/ran-gallery-005.jpg"
"150","_projects\plant-displays.md","assets/images/projects/plant-displays/ranunculus/gallery/plant-displays-ranunculus-gallery-008.jpg","ranunculus","gallery","","plant-displays-ranunculus-gallery-008.jpg","ran-gallery-008.jpg","assets/images/projects/plant-displays/ranunculus/gallery/ran-gallery-008.jpg"
"151","_projects\plant-displays.md","assets/images/projects/plant-displays/ranunculus/gallery/plant-displays-ranunculus-gallery-011.jpg","ranunculus","gallery","","plant-displays-ranunculus-gallery-011.jpg","ran-gallery-011.jpg","assets/images/projects/plant-displays/ranunculus/gallery/ran-gallery-011.jpg"
"152","_projects\plant-displays.md","assets/images/projects/plant-displays/snowdrops/gallery/plant-displays-snowdrops-gallery-001.jpg","snowdrops","gallery","","plant-displays-snowdrops-gallery-001.jpg","sno-gallery-001.jpg","assets/images/projects/plant-displays/snowdrops/gallery/sno-gallery-001.jpg"
"153","_projects\plant-displays.md","assets/images/projects/plant-displays/snowdrops/gallery/plant-displays-snowdrops-gallery-003.jpg","snowdrops","gallery","","plant-displays-snowdrops-gallery-003.jpg","sno-gallery-003.jpg","assets/images/projects/plant-displays/snowdrops/gallery/sno-gallery-003.jpg"
"154","_projects\plant-displays.md","assets/images/projects/plant-displays/snowdrops/gallery/plant-displays-snowdrops-gallery-005.jpg","snowdrops","gallery","","plant-displays-snowdrops-gallery-005.jpg","sno-gallery-005.jpg","assets/images/projects/plant-displays/snowdrops/gallery/sno-gallery-005.jpg"
"155","_projects\plant-displays.md","assets/images/projects/plant-displays/daffodil/gallery/plant-displays-daffodil-gallery-001.jpg","daffodil","gallery","","plant-displays-daffodil-gallery-001.jpg","daf-gallery-001.jpg","assets/images/projects/plant-displays/daffodil/gallery/daf-gallery-001.jpg"
"156","_projects\plant-displays.md","assets/images/projects/plant-displays/bluebells/build/plant-displays-bluebells-build-001.jpg","bluebells","build","","plant-displays-bluebells-build-001.jpg","blu-build-001.jpg","assets/images/projects/plant-displays/bluebells/build/blu-build-001.jpg"
"157","_projects\plant-displays.md","assets/images/projects/plant-displays/daffodil/gallery/plant-displays-daffodil-gallery-001.jpg","daffodil","gallery","","plant-displays-daffodil-gallery-001.jpg","daf-gallery-001.jpg","assets/images/projects/plant-displays/daffodil/gallery/daf-gallery-001.jpg"
"158","_projects\plant-displays.md","assets/images/projects/plant-displays/hibiscus/planning/hib-planning-001.jpg","hibiscus","planning","","hib-planning-001.jpg","hib-planning-001.jpg","assets/images/projects/plant-displays/hibiscus/planning/hib-planning-001.jpg"
"159","_projects\plant-displays.md","assets/images/projects/plant-displays/protea/planning/plant-displays-protea-planning-001.jpg","protea","planning","","plant-displays-protea-planning-001.jpg","pro-planning-001.jpg","assets/images/projects/plant-displays/protea/planning/pro-planning-001.jpg"
"160","_projects\plant-displays.md","assets/images/projects/plant-displays/ranunculus/gallery/plant-displays-ranunculus-gallery-005.jpg","ranunculus","gallery","","plant-displays-ranunculus-gallery-005.jpg","ran-gallery-005.jpg","assets/images/projects/plant-displays/ranunculus/gallery/ran-gallery-005.jpg"
"161","_projects\plant-displays.md","assets/images/projects/plant-displays/snowdrops/gallery/plant-displays-snowdrops-gallery-001.jpg","snowdrops","gallery","","plant-displays-snowdrops-gallery-001.jpg","sno-gallery-001.jpg","assets/images/projects/plant-displays/snowdrops/gallery/sno-gallery-001.jpg"
"162","_projects\plant-displays.md","assets/images/projects/plant-displays/strelitzia/planning/plant-displays-strelitzia-planning-001.jpg","strelitzia","planning","","plant-displays-strelitzia-planning-001.jpg","str-planning-001.jpg","assets/images/projects/plant-displays/strelitzia/planning/str-planning-001.jpg"
