"RenameID","Plant","Category","Subfolder","OldName","NewName","OldRelPath","NewRelPath","Operation","Notes"
"1","bluebells","unknown","","plant-displays-bluebells-build-001.jpg","blu-unknown-001.jpg","assets/images/projects/plant-displays/bluebells/build/plant-displays-bluebells-build-001.jpg","assets/images/projects/plant-displays/bluebells/build/blu-unknown-001.jpg","File Rename",""
"2","bluebells","unknown","","plant-displays-bluebells-build-002.jpg","blu-unknown-002.jpg","assets/images/projects/plant-displays/bluebells/build/plant-displays-bluebells-build-002.jpg","assets/images/projects/plant-displays/bluebells/build/blu-unknown-002.jpg","File Rename",""
"3","bluebells","unknown","","plant-displays-bluebells-build-003.jpg","blu-unknown-003.jpg","assets/images/projects/plant-displays/bluebells/build/plant-displays-bluebells-build-003.jpg","assets/images/projects/plant-displays/bluebells/build/blu-unknown-003.jpg","File Rename",""
"4","bluebells","unknown","","plant-displays-bluebells-build-004.jpg","blu-unknown-004.jpg","assets/images/projects/plant-displays/bluebells/build/plant-displays-bluebells-build-004.jpg","assets/images/projects/plant-displays/bluebells/build/blu-unknown-004.jpg","File Rename",""
"5","bluebells","unknown","","plant-displays-bluebells-build-005.jpg","blu-unknown-005.jpg","assets/images/projects/plant-displays/bluebells/build/plant-displays-bluebells-build-005.jpg","assets/images/projects/plant-displays/bluebells/build/blu-unknown-005.jpg","File Rename",""
"6","bluebells","unknown","","plant-displays-bluebells-build-001.jpg","blu-unknown-006.jpg","assets/images/projects/plant-displays/bluebells/gallery/plant-displays-bluebells-build-001.jpg","assets/images/projects/plant-displays/bluebells/gallery/blu-unknown-006.jpg","File Rename",""
"7","bluebells","unknown","","plant-displays-bluebells-build-004.jpg","blu-unknown-007.jpg","assets/images/projects/plant-displays/bluebells/gallery/plant-displays-bluebells-build-004.jpg","assets/images/projects/plant-displays/bluebells/gallery/blu-unknown-007.jpg","File Rename",""
"8","bluebells","unknown","","bluebells-planning-english-bluebell-01.jpg","blu-planning-english-bluebell-008.jpg","assets/images/projects/plant-displays/bluebells/planning/bluebells-planning-english-bluebell-01.jpg","assets/images/projects/plant-displays/bluebells/planning/blu-planning-english-bluebell-008.jpg","File Rename","Combined/Themed"
"9","bluebells","unknown","","bluebells-planning-english-bluebell-02.jpg","blu-planning-english-bluebell-009.jpg","assets/images/projects/plant-displays/bluebells/planning/bluebells-planning-english-bluebell-02.jpg","assets/images/projects/plant-displays/bluebells/planning/blu-planning-english-bluebell-009.jpg","File Rename","Combined/Themed"
"10","bluebells","unknown","","bluebells-planning-muscari-01.jpg","blu-planning-muscari-010.jpg","assets/images/projects/plant-displays/bluebells/planning/bluebells-planning-muscari-01.jpg","assets/images/projects/plant-displays/bluebells/planning/blu-planning-muscari-010.jpg","File Rename","Combined/Themed"
"11","bluebells","unknown","","bluebells-planning-scenery-01.jpg","blu-planning-scenery-011.jpg","assets/images/projects/plant-displays/bluebells/planning/bluebells-planning-scenery-01.jpg","assets/images/projects/plant-displays/bluebells/planning/blu-planning-scenery-011.jpg","File Rename","Combined/Themed"
"12","bluebells","unknown","","bluebells-planning-scenery-02.jpg","blu-planning-scenery-012.jpg","assets/images/projects/plant-displays/bluebells/planning/bluebells-planning-scenery-02.jpg","assets/images/projects/plant-displays/bluebells/planning/blu-planning-scenery-012.jpg","File Rename","Combined/Themed"
"13","bluebells","unknown","","bluebells-planning-spanish-bluebell-01.jpg","blu-planning-spanish-bluebell-013.jpg","assets/images/projects/plant-displays/bluebells/planning/bluebells-planning-spanish-bluebell-01.jpg","assets/images/projects/plant-displays/bluebells/planning/blu-planning-spanish-bluebell-013.jpg","File Rename","Combined/Themed"
"14","bluebells","unknown","","bluebells-planning-spanish-bluebell-02.jpg","blu-planning-spanish-bluebell-014.jpg","assets/images/projects/plant-displays/bluebells/planning/bluebells-planning-spanish-bluebell-02.jpg","assets/images/projects/plant-displays/bluebells/planning/blu-planning-spanish-bluebell-014.jpg","File Rename","Combined/Themed"
"15","bluebells","unknown","","plant-displays-bluebells-planning-029.jpg","blu-unknown-015.jpg","assets/images/projects/plant-displays/bluebells/planning/bulbs/plant-displays-bluebells-planning-029.jpg","assets/images/projects/plant-displays/bluebells/planning/bulbs/blu-unknown-015.jpg","File Rename",""
"16","bluebells","unknown","","plant-displays-bluebells-planning-003.jpg","blu-unknown-016.jpg","assets/images/projects/plant-displays/bluebells/planning/English-Bluebell/plant-displays-bluebells-planning-003.jpg","assets/images/projects/plant-displays/bluebells/planning/English-Bluebell/blu-unknown-016.jpg","File Rename",""
"17","bluebells","unknown","","plant-displays-bluebells-planning-004.jpg","blu-unknown-017.jpg","assets/images/projects/plant-displays/bluebells/planning/English-Bluebell/plant-displays-bluebells-planning-004.jpg","assets/images/projects/plant-displays/bluebells/planning/English-Bluebell/blu-unknown-017.jpg","File Rename",""
"18","bluebells","unknown","","plant-displays-bluebells-planning-010.jpg","blu-unknown-018.jpg","assets/images/projects/plant-displays/bluebells/planning/English-Bluebell/plant-displays-bluebells-planning-010.jpg","assets/images/projects/plant-displays/bluebells/planning/English-Bluebell/blu-unknown-018.jpg","File Rename",""
"19","bluebells","unknown","","plant-displays-bluebells-planning-020.jpg","blu-unknown-019.jpg","assets/images/projects/plant-displays/bluebells/planning/English-Bluebell/plant-displays-bluebells-planning-020.jpg","assets/images/projects/plant-displays/bluebells/planning/English-Bluebell/blu-unknown-019.jpg","File Rename",""
"20","bluebells","unknown","","plant-displays-bluebells-planning-025.jpg","blu-unknown-020.jpg","assets/images/projects/plant-displays/bluebells/planning/English-Bluebell/plant-displays-bluebells-planning-025.jpg","assets/images/projects/plant-displays/bluebells/planning/English-Bluebell/blu-unknown-020.jpg","File Rename",""
"21","bluebells","unknown","","plant-displays-bluebells-planning-001.jpg","blu-unknown-021.jpg","assets/images/projects/plant-displays/bluebells/planning/muscari/plant-displays-bluebells-planning-001.jpg","assets/images/projects/plant-displays/bluebells/planning/muscari/blu-unknown-021.jpg","File Rename",""
"22","bluebells","unknown","","plant-displays-bluebells-planning-015.jpg","blu-unknown-022.jpg","assets/images/projects/plant-displays/bluebells/planning/muscari/plant-displays-bluebells-planning-015.jpg","assets/images/projects/plant-displays/bluebells/planning/muscari/blu-unknown-022.jpg","File Rename",""
"23","bluebells","unknown","","plant-displays-bluebells-planning-022.jpg","blu-unknown-023.jpg","assets/images/projects/plant-displays/bluebells/planning/muscari/plant-displays-bluebells-planning-022.jpg","assets/images/projects/plant-displays/bluebells/planning/muscari/blu-unknown-023.jpg","File Rename",""
"24","bluebells","unknown","","plant-displays-bluebells-planning-006.jpg","blu-unknown-024.jpg","assets/images/projects/plant-displays/bluebells/planning/scenery/plant-displays-bluebells-planning-006.jpg","assets/images/projects/plant-displays/bluebells/planning/scenery/blu-unknown-024.jpg","File Rename",""
"25","bluebells","unknown","","plant-displays-bluebells-planning-012.jpg","blu-unknown-025.jpg","assets/images/projects/plant-displays/bluebells/planning/scenery/plant-displays-bluebells-planning-012.jpg","assets/images/projects/plant-displays/bluebells/planning/scenery/blu-unknown-025.jpg","File Rename",""
"26","bluebells","unknown","","plant-displays-bluebells-planning-014.jpg","blu-unknown-026.jpg","assets/images/projects/plant-displays/bluebells/planning/scenery/plant-displays-bluebells-planning-014.jpg","assets/images/projects/plant-displays/bluebells/planning/scenery/blu-unknown-026.jpg","File Rename",""
"27","bluebells","unknown","","plant-displays-bluebells-planning-019.jpg","blu-unknown-027.jpg","assets/images/projects/plant-displays/bluebells/planning/scenery/plant-displays-bluebells-planning-019.jpg","assets/images/projects/plant-displays/bluebells/planning/scenery/blu-unknown-027.jpg","File Rename",""
"28","bluebells","unknown","","plant-displays-bluebells-planning-021.jpg","blu-unknown-028.jpg","assets/images/projects/plant-displays/bluebells/planning/scenery/plant-displays-bluebells-planning-021.jpg","assets/images/projects/plant-displays/bluebells/planning/scenery/blu-unknown-028.jpg","File Rename",""
"29","bluebells","unknown","","plant-displays-bluebells-planning-026.jpg","blu-unknown-029.jpg","assets/images/projects/plant-displays/bluebells/planning/scenery/plant-displays-bluebells-planning-026.jpg","assets/images/projects/plant-displays/bluebells/planning/scenery/blu-unknown-029.jpg","File Rename",""
"30","bluebells","unknown","","plant-displays-bluebells-planning-028.jpg","blu-unknown-030.jpg","assets/images/projects/plant-displays/bluebells/planning/scenery/plant-displays-bluebells-planning-028.jpg","assets/images/projects/plant-displays/bluebells/planning/scenery/blu-unknown-030.jpg","File Rename",""
"31","bluebells","unknown","","plant-displays-bluebells-planning-008.jpg","blu-unknown-031.jpg","assets/images/projects/plant-displays/bluebells/planning/Spannish-bluebell/plant-displays-bluebells-planning-008.jpg","assets/images/projects/plant-displays/bluebells/planning/Spannish-bluebell/blu-unknown-031.jpg","File Rename",""
"32","bluebells","unknown","","plant-displays-bluebells-planning-009.jpg","blu-unknown-032.jpg","assets/images/projects/plant-displays/bluebells/planning/Spannish-bluebell/plant-displays-bluebells-planning-009.jpg","assets/images/projects/plant-displays/bluebells/planning/Spannish-bluebell/blu-unknown-032.jpg","File Rename",""
"33","bluebells","unknown","","plant-displays-bluebells-planning-011.jpg","blu-unknown-033.jpg","assets/images/projects/plant-displays/bluebells/planning/Spannish-bluebell/plant-displays-bluebells-planning-011.jpg","assets/images/projects/plant-displays/bluebells/planning/Spannish-bluebell/blu-unknown-033.jpg","File Rename",""
"34","bluebells","unknown","","plant-displays-bluebells-planning-013.jpg","blu-unknown-034.jpg","assets/images/projects/plant-displays/bluebells/planning/Spannish-bluebell/plant-displays-bluebells-planning-013.jpg","assets/images/projects/plant-displays/bluebells/planning/Spannish-bluebell/blu-unknown-034.jpg","File Rename",""
"35","bluebells","unknown","","plant-displays-bluebells-planning-016.jpg","blu-unknown-035.jpg","assets/images/projects/plant-displays/bluebells/planning/Spannish-bluebell/plant-displays-bluebells-planning-016.jpg","assets/images/projects/plant-displays/bluebells/planning/Spannish-bluebell/blu-unknown-035.jpg","File Rename",""
"36","bluebells","unknown","","plant-displays-bluebells-planning-017.jpg","blu-unknown-036.jpg","assets/images/projects/plant-displays/bluebells/planning/Spannish-bluebell/plant-displays-bluebells-planning-017.jpg","assets/images/projects/plant-displays/bluebells/planning/Spannish-bluebell/blu-unknown-036.jpg","File Rename",""
"37","bluebells","unknown","","plant-displays-bluebells-planning-023.jpg","blu-unknown-037.jpg","assets/images/projects/plant-displays/bluebells/planning/Spannish-bluebell/plant-displays-bluebells-planning-023.jpg","assets/images/projects/plant-displays/bluebells/planning/Spannish-bluebell/blu-unknown-037.jpg","File Rename",""
"38","bluebells","unknown","","plant-displays-bluebells-planning-027.jpg","blu-unknown-038.jpg","assets/images/projects/plant-displays/bluebells/planning/Spannish-bluebell/plant-displays-bluebells-planning-027.jpg","assets/images/projects/plant-displays/bluebells/planning/Spannish-bluebell/blu-unknown-038.jpg","File Rename",""
"39","daffodil","unknown","","plant-displays-daffodil-build-001.jpg","daf-unknown-001.jpg","assets/images/projects/plant-displays/daffodil/build/plant-displays-daffodil-build-001.jpg","assets/images/projects/plant-displays/daffodil/build/daf-unknown-001.jpg","File Rename",""
"40","daffodil","unknown","","plant-displays-daffodil-build-002.jpg","daf-unknown-002.jpg","assets/images/projects/plant-displays/daffodil/build/plant-displays-daffodil-build-002.jpg","assets/images/projects/plant-displays/daffodil/build/daf-unknown-002.jpg","File Rename",""
"41","daffodil","unknown","","plant-displays-daffodil-build-003.jpg","daf-unknown-003.jpg","assets/images/projects/plant-displays/daffodil/build/plant-displays-daffodil-build-003.jpg","assets/images/projects/plant-displays/daffodil/build/daf-unknown-003.jpg","File Rename",""
"42","daffodil","unknown","","plant-displays-daffodil-build-004.jpg","daf-unknown-004.jpg","assets/images/projects/plant-displays/daffodil/build/plant-displays-daffodil-build-004.jpg","assets/images/projects/plant-displays/daffodil/build/daf-unknown-004.jpg","File Rename",""
"43","daffodil","unknown","","plant-displays-daffodil-build-005.jpg","daf-unknown-005.jpg","assets/images/projects/plant-displays/daffodil/build/plant-displays-daffodil-build-005.jpg","assets/images/projects/plant-displays/daffodil/build/daf-unknown-005.jpg","File Rename",""
"44","daffodil","unknown","","plant-displays-daffodil-build-006.jpg","daf-unknown-006.jpg","assets/images/projects/plant-displays/daffodil/build/plant-displays-daffodil-build-006.jpg","assets/images/projects/plant-displays/daffodil/build/daf-unknown-006.jpg","File Rename",""
"45","daffodil","unknown","","plant-displays-daffodil-gallery-001.jpg","daf-unknown-007.jpg","assets/images/projects/plant-displays/daffodil/gallery/plant-displays-daffodil-gallery-001.jpg","assets/images/projects/plant-displays/daffodil/gallery/daf-unknown-007.jpg","File Rename",""
"46","daffodil","unknown","","plant-displays-daffodil-planning-017.jpg","daf-unknown-008.jpg","assets/images/projects/plant-displays/daffodil/planning/bulbs/plant-displays-daffodil-planning-017.jpg","assets/images/projects/plant-displays/daffodil/planning/bulbs/daf-unknown-008.jpg","File Rename",""
"47","daffodil","unknown","","daffodil-planning-bulbs-01.jpg","daf-planning-bulbs-009.jpg","assets/images/projects/plant-displays/daffodil/planning/daffodil-planning-bulbs-01.jpg","assets/images/projects/plant-displays/daffodil/planning/daf-planning-bulbs-009.jpg","File Rename","Combined/Themed"
"48","daffodil","unknown","","daffodil-planning-flowers-01.jpg","daf-planning-flowers-010.jpg","assets/images/projects/plant-displays/daffodil/planning/daffodil-planning-flowers-01.jpg","assets/images/projects/plant-displays/daffodil/planning/daf-planning-flowers-010.jpg","File Rename","Combined/Themed"
"49","daffodil","unknown","","daffodil-planning-flowers-02.jpg","daf-planning-flowers-011.jpg","assets/images/projects/plant-displays/daffodil/planning/daffodil-planning-flowers-02.jpg","assets/images/projects/plant-displays/daffodil/planning/daf-planning-flowers-011.jpg","File Rename","Combined/Themed"
"50","daffodil","unknown","","daffodil-planning-flowers-03.jpg","daf-planning-flowers-012.jpg","assets/images/projects/plant-displays/daffodil/planning/daffodil-planning-flowers-03.jpg","assets/images/projects/plant-displays/daffodil/planning/daf-planning-flowers-012.jpg","File Rename","Combined/Themed"
"51","daffodil","unknown","","daffodil-planning-scenes-01.jpg","daf-planning-scenes-013.jpg","assets/images/projects/plant-displays/daffodil/planning/daffodil-planning-scenes-01.jpg","assets/images/projects/plant-displays/daffodil/planning/daf-planning-scenes-013.jpg","File Rename","Combined/Themed"
"52","daffodil","unknown","","daffodil-planning-templates-01.jpg","daf-planning-templates-014.jpg","assets/images/projects/plant-displays/daffodil/planning/daffodil-planning-templates-01.jpg","assets/images/projects/plant-displays/daffodil/planning/daf-planning-templates-014.jpg","File Rename","Combined/Themed"
"53","daffodil","unknown","","plant-displays-daffodil-planning-002.jpg","daf-unknown-015.jpg","assets/images/projects/plant-displays/daffodil/planning/flowers/plant-displays-daffodil-planning-002.jpg","assets/images/projects/plant-displays/daffodil/planning/flowers/daf-unknown-015.jpg","File Rename",""
"54","daffodil","unknown","","plant-displays-daffodil-planning-003.jpg","daf-unknown-016.jpg","assets/images/projects/plant-displays/daffodil/planning/flowers/plant-displays-daffodil-planning-003.jpg","assets/images/projects/plant-displays/daffodil/planning/flowers/daf-unknown-016.jpg","File Rename",""
"55","daffodil","unknown","","plant-displays-daffodil-planning-006.jpg","daf-unknown-017.jpg","assets/images/projects/plant-displays/daffodil/planning/flowers/plant-displays-daffodil-planning-006.jpg","assets/images/projects/plant-displays/daffodil/planning/flowers/daf-unknown-017.jpg","File Rename",""
"56","daffodil","unknown","","plant-displays-daffodil-planning-007.jpg","daf-unknown-018.jpg","assets/images/projects/plant-displays/daffodil/planning/flowers/plant-displays-daffodil-planning-007.jpg","assets/images/projects/plant-displays/daffodil/planning/flowers/daf-unknown-018.jpg","File Rename",""
"57","daffodil","unknown","","plant-displays-daffodil-planning-008.jpg","daf-unknown-019.jpg","assets/images/projects/plant-displays/daffodil/planning/flowers/plant-displays-daffodil-planning-008.jpg","assets/images/projects/plant-displays/daffodil/planning/flowers/daf-unknown-019.jpg","File Rename",""
"58","daffodil","unknown","","plant-displays-daffodil-planning-011.jpg","daf-unknown-020.jpg","assets/images/projects/plant-displays/daffodil/planning/flowers/plant-displays-daffodil-planning-011.jpg","assets/images/projects/plant-displays/daffodil/planning/flowers/daf-unknown-020.jpg","File Rename",""
"59","daffodil","unknown","","plant-displays-daffodil-planning-012.jpg","daf-unknown-021.jpg","assets/images/projects/plant-displays/daffodil/planning/flowers/plant-displays-daffodil-planning-012.jpg","assets/images/projects/plant-displays/daffodil/planning/flowers/daf-unknown-021.jpg","File Rename",""
"60","daffodil","unknown","","plant-displays-daffodil-planning-013.jpg","daf-unknown-022.jpg","assets/images/projects/plant-displays/daffodil/planning/flowers/plant-displays-daffodil-planning-013.jpg","assets/images/projects/plant-displays/daffodil/planning/flowers/daf-unknown-022.jpg","File Rename",""
"61","daffodil","unknown","","plant-displays-daffodil-planning-014.jpg","daf-unknown-023.jpg","assets/images/projects/plant-displays/daffodil/planning/flowers/plant-displays-daffodil-planning-014.jpg","assets/images/projects/plant-displays/daffodil/planning/flowers/daf-unknown-023.jpg","File Rename",""
"62","daffodil","unknown","","plant-displays-daffodil-planning-016.jpg","daf-unknown-024.jpg","assets/images/projects/plant-displays/daffodil/planning/flowers/plant-displays-daffodil-planning-016.jpg","assets/images/projects/plant-displays/daffodil/planning/flowers/daf-unknown-024.jpg","File Rename",""
"63","daffodil","unknown","","plant-displays-daffodil-planning-019.jpg","daf-unknown-025.jpg","assets/images/projects/plant-displays/daffodil/planning/flowers/plant-displays-daffodil-planning-019.jpg","assets/images/projects/plant-displays/daffodil/planning/flowers/daf-unknown-025.jpg","File Rename",""
"64","daffodil","unknown","","plant-displays-daffodil-planning-020.jpg","daf-unknown-026.jpg","assets/images/projects/plant-displays/daffodil/planning/flowers/plant-displays-daffodil-planning-020.jpg","assets/images/projects/plant-displays/daffodil/planning/flowers/daf-unknown-026.jpg","File Rename",""
"65","daffodil","unknown","","plant-displays-daffodil-planning-001.jpg","daf-unknown-027.jpg","assets/images/projects/plant-displays/daffodil/planning/scenes/plant-displays-daffodil-planning-001.jpg","assets/images/projects/plant-displays/daffodil/planning/scenes/daf-unknown-027.jpg","File Rename",""
"66","daffodil","unknown","","plant-displays-daffodil-planning-010.jpg","daf-unknown-028.jpg","assets/images/projects/plant-displays/daffodil/planning/scenes/plant-displays-daffodil-planning-010.jpg","assets/images/projects/plant-displays/daffodil/planning/scenes/daf-unknown-028.jpg","File Rename",""
"67","daffodil","unknown","","plant-displays-daffodil-planning-018.jpg","daf-unknown-029.jpg","assets/images/projects/plant-displays/daffodil/planning/scenes/plant-displays-daffodil-planning-018.jpg","assets/images/projects/plant-displays/daffodil/planning/scenes/daf-unknown-029.jpg","File Rename",""
"68","daffodil","unknown","","plant-displays-daffodil-planning-004.jpg","daf-unknown-030.jpg","assets/images/projects/plant-displays/daffodil/planning/templates/plant-displays-daffodil-planning-004.jpg","assets/images/projects/plant-displays/daffodil/planning/templates/daf-unknown-030.jpg","File Rename",""
"69","daffodil","unknown","","plant-displays-daffodil-planning-005.jpg","daf-unknown-031.jpg","assets/images/projects/plant-displays/daffodil/planning/templates/plant-displays-daffodil-planning-005.jpg","assets/images/projects/plant-displays/daffodil/planning/templates/daf-unknown-031.jpg","File Rename",""
"70","daffodil","unknown","","plant-displays-daffodil-planning-009.jpg","daf-unknown-032.jpg","assets/images/projects/plant-displays/daffodil/planning/templates/plant-displays-daffodil-planning-009.jpg","assets/images/projects/plant-displays/daffodil/planning/templates/daf-unknown-032.jpg","File Rename",""
"71","poinsettia","unknown","","plant-displays-poinsettia-planning-001.jpg","poi-unknown-001.jpg","assets/images/projects/plant-displays/poinsettia/planning/plant-displays-poinsettia-planning-001.jpg","assets/images/projects/plant-displays/poinsettia/planning/poi-unknown-001.jpg","File Rename",""
"72","poinsettia","unknown","","plant-displays-poinsettia-planning-002.jpg","poi-unknown-002.jpg","assets/images/projects/plant-displays/poinsettia/planning/plant-displays-poinsettia-planning-002.jpg","assets/images/projects/plant-displays/poinsettia/planning/poi-unknown-002.jpg","File Rename",""
"73","poinsettia","unknown","","plant-displays-poinsettia-planning-003.jpg","poi-unknown-003.jpg","assets/images/projects/plant-displays/poinsettia/planning/plant-displays-poinsettia-planning-003.jpg","assets/images/projects/plant-displays/poinsettia/planning/poi-unknown-003.jpg","File Rename",""
"74","poinsettia","unknown","","plant-displays-poinsettia-planning-004.jpg","poi-unknown-004.jpg","assets/images/projects/plant-displays/poinsettia/planning/plant-displays-poinsettia-planning-004.jpg","assets/images/projects/plant-displays/poinsettia/planning/poi-unknown-004.jpg","File Rename",""
"75","poinsettia","unknown","","plant-displays-poinsettia-planning-005.jpg","poi-unknown-005.jpg","assets/images/projects/plant-displays/poinsettia/planning/plant-displays-poinsettia-planning-005.jpg","assets/images/projects/plant-displays/poinsettia/planning/poi-unknown-005.jpg","File Rename",""
"76","poinsettia","unknown","","plant-displays-poinsettia-planning-006.jpg","poi-unknown-006.jpg","assets/images/projects/plant-displays/poinsettia/planning/plant-displays-poinsettia-planning-006.jpg","assets/images/projects/plant-displays/poinsettia/planning/poi-unknown-006.jpg","File Rename",""
"77","protea","unknown","","plant-displays-protea-planning-001.jpg","pro-unknown-001.jpg","assets/images/projects/plant-displays/protea/planning/plant-displays-protea-planning-001.jpg","assets/images/projects/plant-displays/protea/planning/pro-unknown-001.jpg","File Rename",""
"78","protea","unknown","","plant-displays-protea-planning-002.jpg","pro-unknown-002.jpg","assets/images/projects/plant-displays/protea/planning/plant-displays-protea-planning-002.jpg","assets/images/projects/plant-displays/protea/planning/pro-unknown-002.jpg","File Rename",""
"79","protea","unknown","","plant-displays-protea-planning-003.jpg","pro-unknown-003.jpg","assets/images/projects/plant-displays/protea/planning/plant-displays-protea-planning-003.jpg","assets/images/projects/plant-displays/protea/planning/pro-unknown-003.jpg","File Rename",""
"80","protea","unknown","","plant-displays-protea-planning-004.jpg","pro-unknown-004.jpg","assets/images/projects/plant-displays/protea/planning/plant-displays-protea-planning-004.jpg","assets/images/projects/plant-displays/protea/planning/pro-unknown-004.jpg","File Rename",""
"81","ranunculus","unknown","","plant-displays-ranunculus-build-001.jpg","ran-unknown-001.jpg","assets/images/projects/plant-displays/ranunculus/build/plant-displays-ranunculus-build-001.jpg","assets/images/projects/plant-displays/ranunculus/build/ran-unknown-001.jpg","File Rename",""
"82","ranunculus","unknown","","plant-displays-ranunculus-build-002.jpg","ran-unknown-002.jpg","assets/images/projects/plant-displays/ranunculus/build/plant-displays-ranunculus-build-002.jpg","assets/images/projects/plant-displays/ranunculus/build/ran-unknown-002.jpg","File Rename",""
"83","ranunculus","unknown","","plant-displays-ranunculus-build-003.jpg","ran-unknown-003.jpg","assets/images/projects/plant-displays/ranunculus/build/plant-displays-ranunculus-build-003.jpg","assets/images/projects/plant-displays/ranunculus/build/ran-unknown-003.jpg","File Rename",""
"84","ranunculus","unknown","","plant-displays-ranunculus-gallery-001.jpg","ran-unknown-004.jpg","assets/images/projects/plant-displays/ranunculus/gallery/plant-displays-ranunculus-gallery-001.jpg","assets/images/projects/plant-displays/ranunculus/gallery/ran-unknown-004.jpg","File Rename",""
"85","ranunculus","unknown","","plant-displays-ranunculus-gallery-002.jpg","ran-unknown-005.jpg","assets/images/projects/plant-displays/ranunculus/gallery/plant-displays-ranunculus-gallery-002.jpg","assets/images/projects/plant-displays/ranunculus/gallery/ran-unknown-005.jpg","File Rename",""
"86","ranunculus","unknown","","plant-displays-ranunculus-gallery-003.jpg","ran-unknown-006.jpg","assets/images/projects/plant-displays/ranunculus/gallery/plant-displays-ranunculus-gallery-003.jpg","assets/images/projects/plant-displays/ranunculus/gallery/ran-unknown-006.jpg","File Rename",""
"87","ranunculus","unknown","","plant-displays-ranunculus-gallery-004.jpg","ran-unknown-007.jpg","assets/images/projects/plant-displays/ranunculus/gallery/plant-displays-ranunculus-gallery-004.jpg","assets/images/projects/plant-displays/ranunculus/gallery/ran-unknown-007.jpg","File Rename",""
"88","ranunculus","unknown","","plant-displays-ranunculus-gallery-005.jpg","ran-unknown-008.jpg","assets/images/projects/plant-displays/ranunculus/gallery/plant-displays-ranunculus-gallery-005.jpg","assets/images/projects/plant-displays/ranunculus/gallery/ran-unknown-008.jpg","File Rename",""
"89","ranunculus","unknown","","plant-displays-ranunculus-gallery-006.jpg","ran-unknown-009.jpg","assets/images/projects/plant-displays/ranunculus/gallery/plant-displays-ranunculus-gallery-006.jpg","assets/images/projects/plant-displays/ranunculus/gallery/ran-unknown-009.jpg","File Rename",""
"90","ranunculus","unknown","","plant-displays-ranunculus-gallery-007.jpg","ran-unknown-010.jpg","assets/images/projects/plant-displays/ranunculus/gallery/plant-displays-ranunculus-gallery-007.jpg","assets/images/projects/plant-displays/ranunculus/gallery/ran-unknown-010.jpg","File Rename",""
"91","ranunculus","unknown","","plant-displays-ranunculus-gallery-008.jpg","ran-unknown-011.jpg","assets/images/projects/plant-displays/ranunculus/gallery/plant-displays-ranunculus-gallery-008.jpg","assets/images/projects/plant-displays/ranunculus/gallery/ran-unknown-011.jpg","File Rename",""
"92","ranunculus","unknown","","plant-displays-ranunculus-gallery-009.jpg","ran-unknown-012.jpg","assets/images/projects/plant-displays/ranunculus/gallery/plant-displays-ranunculus-gallery-009.jpg","assets/images/projects/plant-displays/ranunculus/gallery/ran-unknown-012.jpg","File Rename",""
"93","ranunculus","unknown","","plant-displays-ranunculus-gallery-010.jpg","ran-unknown-013.jpg","assets/images/projects/plant-displays/ranunculus/gallery/plant-displays-ranunculus-gallery-010.jpg","assets/images/projects/plant-displays/ranunculus/gallery/ran-unknown-013.jpg","File Rename",""
"94","ranunculus","unknown","","plant-displays-ranunculus-gallery-011.jpg","ran-unknown-014.jpg","assets/images/projects/plant-displays/ranunculus/gallery/plant-displays-ranunculus-gallery-011.jpg","assets/images/projects/plant-displays/ranunculus/gallery/ran-unknown-014.jpg","File Rename",""
"95","ranunculus","unknown","","plant-displays-ranunculus-planning-001.jpg","ran-unknown-015.jpg","assets/images/projects/plant-displays/ranunculus/gallery/plant-displays-ranunculus-planning-001.jpg","assets/images/projects/plant-displays/ranunculus/gallery/ran-unknown-015.jpg","File Rename",""
"96","ranunculus","unknown","","plant-displays-ranunculus-planning-002.jpg","ran-unknown-016.jpg","assets/images/projects/plant-displays/ranunculus/planning/plant-displays-ranunculus-planning-002.jpg","assets/images/projects/plant-displays/ranunculus/planning/ran-unknown-016.jpg","File Rename",""
"97","ranunculus","unknown","","plant-displays-ranunculus-planning-003.jpg","ran-unknown-017.jpg","assets/images/projects/plant-displays/ranunculus/planning/plant-displays-ranunculus-planning-003.jpg","assets/images/projects/plant-displays/ranunculus/planning/ran-unknown-017.jpg","File Rename",""
"98","ranunculus","unknown","","plant-displays-ranunculus-planning-004.jpg","ran-unknown-018.jpg","assets/images/projects/plant-displays/ranunculus/planning/plant-displays-ranunculus-planning-004.jpg","assets/images/projects/plant-displays/ranunculus/planning/ran-unknown-018.jpg","File Rename",""
"99","ranunculus","unknown","","plant-displays-ranunculus-planning-005.jpg","ran-unknown-019.jpg","assets/images/projects/plant-displays/ranunculus/planning/plant-displays-ranunculus-planning-005.jpg","assets/images/projects/plant-displays/ranunculus/planning/ran-unknown-019.jpg","File Rename",""
"100","ranunculus","unknown","","plant-displays-ranunculus-planning-006.jpg","ran-unknown-020.jpg","assets/images/projects/plant-displays/ranunculus/planning/plant-displays-ranunculus-planning-006.jpg","assets/images/projects/plant-displays/ranunculus/planning/ran-unknown-020.jpg","File Rename",""
"101","ranunculus","unknown","","plant-displays-ranunculus-planning-007.jpg","ran-unknown-021.jpg","assets/images/projects/plant-displays/ranunculus/planning/plant-displays-ranunculus-planning-007.jpg","assets/images/projects/plant-displays/ranunculus/planning/ran-unknown-021.jpg","File Rename",""
"102","ranunculus","unknown","","plant-displays-ranunculus-planning-008.jpg","ran-unknown-022.jpg","assets/images/projects/plant-displays/ranunculus/planning/plant-displays-ranunculus-planning-008.jpg","assets/images/projects/plant-displays/ranunculus/planning/ran-unknown-022.jpg","File Rename",""
"103","ranunculus","unknown","","plant-displays-ranunculus-planning-009.jpg","ran-unknown-023.jpg","assets/images/projects/plant-displays/ranunculus/planning/plant-displays-ranunculus-planning-009.jpg","assets/images/projects/plant-displays/ranunculus/planning/ran-unknown-023.jpg","File Rename",""
"104","ranunculus","unknown","","plant-displays-ranunculus-planning-010.jpg","ran-unknown-024.jpg","assets/images/projects/plant-displays/ranunculus/planning/plant-displays-ranunculus-planning-010.jpg","assets/images/projects/plant-displays/ranunculus/planning/ran-unknown-024.jpg","File Rename",""
"105","ranunculus","unknown","","plant-displays-ranunculus-planning-011.jpg","ran-unknown-025.jpg","assets/images/projects/plant-displays/ranunculus/planning/plant-displays-ranunculus-planning-011.jpg","assets/images/projects/plant-displays/ranunculus/planning/ran-unknown-025.jpg","File Rename",""
"106","ranunculus","unknown","","plant-displays-ranunculus-planning-012.jpg","ran-unknown-026.jpg","assets/images/projects/plant-displays/ranunculus/planning/plant-displays-ranunculus-planning-012.jpg","assets/images/projects/plant-displays/ranunculus/planning/ran-unknown-026.jpg","File Rename",""
"107","ranunculus","unknown","","plant-displays-ranunculus-planning-013.jpg","ran-unknown-027.jpg","assets/images/projects/plant-displays/ranunculus/planning/plant-displays-ranunculus-planning-013.jpg","assets/images/projects/plant-displays/ranunculus/planning/ran-unknown-027.jpg","File Rename",""
"108","ranunculus","unknown","","plant-displays-ranunculus-planning-014.jpg","ran-unknown-028.jpg","assets/images/projects/plant-displays/ranunculus/planning/plant-displays-ranunculus-planning-014.jpg","assets/images/projects/plant-displays/ranunculus/planning/ran-unknown-028.jpg","File Rename",""
"109","ranunculus","unknown","","plant-displays-ranunculus-planning-015.jpg","ran-unknown-029.jpg","assets/images/projects/plant-displays/ranunculus/planning/plant-displays-ranunculus-planning-015.jpg","assets/images/projects/plant-displays/ranunculus/planning/ran-unknown-029.jpg","File Rename",""
"110","ranunculus","unknown","","plant-displays-ranunculus-planning-016.jpg","ran-unknown-030.jpg","assets/images/projects/plant-displays/ranunculus/planning/plant-displays-ranunculus-planning-016.jpg","assets/images/projects/plant-displays/ranunculus/planning/ran-unknown-030.jpg","File Rename",""
"111","ranunculus","unknown","","plant-displays-ranunculus-planning-017.jpg","ran-unknown-031.jpg","assets/images/projects/plant-displays/ranunculus/planning/plant-displays-ranunculus-planning-017.jpg","assets/images/projects/plant-displays/ranunculus/planning/ran-unknown-031.jpg","File Rename",""
"112","ranunculus","unknown","","plant-displays-ranunculus-planning-018.jpg","ran-unknown-032.jpg","assets/images/projects/plant-displays/ranunculus/planning/plant-displays-ranunculus-planning-018.jpg","assets/images/projects/plant-displays/ranunculus/planning/ran-unknown-032.jpg","File Rename",""
"113","ranunculus","unknown","","plant-displays-ranunculus-planning-019.jpg","ran-unknown-033.jpg","assets/images/projects/plant-displays/ranunculus/planning/plant-displays-ranunculus-planning-019.jpg","assets/images/projects/plant-displays/ranunculus/planning/ran-unknown-033.jpg","File Rename",""
"114","ranunculus","unknown","","plant-displays-ranunculus-planning-020.jpg","ran-unknown-034.jpg","assets/images/projects/plant-displays/ranunculus/planning/plant-displays-ranunculus-planning-020.jpg","assets/images/projects/plant-displays/ranunculus/planning/ran-unknown-034.jpg","File Rename",""
"115","ranunculus","unknown","","plant-displays-ranunculus-planning-021.jpg","ran-unknown-035.jpg","assets/images/projects/plant-displays/ranunculus/planning/plant-displays-ranunculus-planning-021.jpg","assets/images/projects/plant-displays/ranunculus/planning/ran-unknown-035.jpg","File Rename",""
"116","ranunculus","unknown","","plant-displays-ranunculus-planning-022.jpg","ran-unknown-036.jpg","assets/images/projects/plant-displays/ranunculus/planning/plant-displays-ranunculus-planning-022.jpg","assets/images/projects/plant-displays/ranunculus/planning/ran-unknown-036.jpg","File Rename",""
"117","ranunculus","unknown","","plant-displays-ranunculus-planning-023.jpg","ran-unknown-037.jpg","assets/images/projects/plant-displays/ranunculus/planning/plant-displays-ranunculus-planning-023.jpg","assets/images/projects/plant-displays/ranunculus/planning/ran-unknown-037.jpg","File Rename",""
"118","ranunculus","unknown","","plant-displays-ranunculus-planning-024.jpg","ran-unknown-038.jpg","assets/images/projects/plant-displays/ranunculus/planning/plant-displays-ranunculus-planning-024.jpg","assets/images/projects/plant-displays/ranunculus/planning/ran-unknown-038.jpg","File Rename",""
"119","ranunculus","unknown","","plant-displays-ranunculus-planning-025.jpg","ran-unknown-039.jpg","assets/images/projects/plant-displays/ranunculus/planning/plant-displays-ranunculus-planning-025.jpg","assets/images/projects/plant-displays/ranunculus/planning/ran-unknown-039.jpg","File Rename",""
"120","ranunculus","unknown","","plant-displays-ranunculus-planning-026.jpg","ran-unknown-040.jpg","assets/images/projects/plant-displays/ranunculus/planning/plant-displays-ranunculus-planning-026.jpg","assets/images/projects/plant-displays/ranunculus/planning/ran-unknown-040.jpg","File Rename",""
"121","ranunculus","unknown","","plant-displays-ranunculus-planning-027.jpg","ran-unknown-041.jpg","assets/images/projects/plant-displays/ranunculus/planning/plant-displays-ranunculus-planning-027.jpg","assets/images/projects/plant-displays/ranunculus/planning/ran-unknown-041.jpg","File Rename",""
"122","ranunculus","unknown","","plant-displays-ranunculus-planning-028.jpg","ran-unknown-042.jpg","assets/images/projects/plant-displays/ranunculus/planning/plant-displays-ranunculus-planning-028.jpg","assets/images/projects/plant-displays/ranunculus/planning/ran-unknown-042.jpg","File Rename",""
"123","ranunculus","unknown","","plant-displays-ranunculus-planning-029.jpg","ran-unknown-043.jpg","assets/images/projects/plant-displays/ranunculus/planning/plant-displays-ranunculus-planning-029.jpg","assets/images/projects/plant-displays/ranunculus/planning/ran-unknown-043.jpg","File Rename",""
"124","ranunculus","unknown","","plant-displays-ranunculus-planning-030.jpg","ran-unknown-044.jpg","assets/images/projects/plant-displays/ranunculus/planning/plant-displays-ranunculus-planning-030.jpg","assets/images/projects/plant-displays/ranunculus/planning/ran-unknown-044.jpg","File Rename",""
"125","ranunculus","unknown","","plant-displays-ranunculus-planning-031.jpg","ran-unknown-045.jpg","assets/images/projects/plant-displays/ranunculus/planning/plant-displays-ranunculus-planning-031.jpg","assets/images/projects/plant-displays/ranunculus/planning/ran-unknown-045.jpg","File Rename",""
"126","ranunculus","unknown","","plant-displays-ranunculus-planning-032.jpg","ran-unknown-046.jpg","assets/images/projects/plant-displays/ranunculus/planning/plant-displays-ranunculus-planning-032.jpg","assets/images/projects/plant-displays/ranunculus/planning/ran-unknown-046.jpg","File Rename",""
"127","ranunculus","unknown","","plant-displays-ranunculus-planning-033.jpg","ran-unknown-047.jpg","assets/images/projects/plant-displays/ranunculus/planning/plant-displays-ranunculus-planning-033.jpg","assets/images/projects/plant-displays/ranunculus/planning/ran-unknown-047.jpg","File Rename",""
"128","ranunculus","unknown","","plant-displays-ranunculus-planning-034.jpg","ran-unknown-048.jpg","assets/images/projects/plant-displays/ranunculus/planning/plant-displays-ranunculus-planning-034.jpg","assets/images/projects/plant-displays/ranunculus/planning/ran-unknown-048.jpg","File Rename",""
"129","ranunculus","unknown","","plant-displays-ranunculus-planning-035.jpg","ran-unknown-049.jpg","assets/images/projects/plant-displays/ranunculus/planning/plant-displays-ranunculus-planning-035.jpg","assets/images/projects/plant-displays/ranunculus/planning/ran-unknown-049.jpg","File Rename",""
"130","ranunculus","unknown","","plant-displays-ranunculus-planning-036.jpg","ran-unknown-050.jpg","assets/images/projects/plant-displays/ranunculus/planning/plant-displays-ranunculus-planning-036.jpg","assets/images/projects/plant-displays/ranunculus/planning/ran-unknown-050.jpg","File Rename",""
"131","ranunculus","unknown","","plant-displays-ranunculus-planning-037.jpg","ran-unknown-051.jpg","assets/images/projects/plant-displays/ranunculus/planning/plant-displays-ranunculus-planning-037.jpg","assets/images/projects/plant-displays/ranunculus/planning/ran-unknown-051.jpg","File Rename",""
"132","ranunculus","unknown","","plant-displays-ranunculus-planning-038.jpg","ran-unknown-052.jpg","assets/images/projects/plant-displays/ranunculus/planning/plant-displays-ranunculus-planning-038.jpg","assets/images/projects/plant-displays/ranunculus/planning/ran-unknown-052.jpg","File Rename",""
"133","ranunculus","unknown","","plant-displays-ranunculus-planning-039.jpg","ran-unknown-053.jpg","assets/images/projects/plant-displays/ranunculus/planning/plant-displays-ranunculus-planning-039.jpg","assets/images/projects/plant-displays/ranunculus/planning/ran-unknown-053.jpg","File Rename",""
"134","ranunculus","unknown","","plant-displays-ranunculus-planning-040.jpg","ran-unknown-054.jpg","assets/images/projects/plant-displays/ranunculus/planning/plant-displays-ranunculus-planning-040.jpg","assets/images/projects/plant-displays/ranunculus/planning/ran-unknown-054.jpg","File Rename",""
"135","ranunculus","unknown","","plant-displays-ranunculus-planning-041.jpg","ran-unknown-055.jpg","assets/images/projects/plant-displays/ranunculus/planning/plant-displays-ranunculus-planning-041.jpg","assets/images/projects/plant-displays/ranunculus/planning/ran-unknown-055.jpg","File Rename",""
"136","ranunculus","unknown","","plant-displays-ranunculus-planning-042.jpg","ran-unknown-056.jpg","assets/images/projects/plant-displays/ranunculus/planning/plant-displays-ranunculus-planning-042.jpg","assets/images/projects/plant-displays/ranunculus/planning/ran-unknown-056.jpg","File Rename",""
"137","ranunculus","unknown","","plant-displays-ranunculus-planning-043.jpg","ran-unknown-057.jpg","assets/images/projects/plant-displays/ranunculus/planning/plant-displays-ranunculus-planning-043.jpg","assets/images/projects/plant-displays/ranunculus/planning/ran-unknown-057.jpg","File Rename",""
"138","ranunculus","unknown","","plant-displays-ranunculus-planning-044.jpg","ran-unknown-058.jpg","assets/images/projects/plant-displays/ranunculus/planning/plant-displays-ranunculus-planning-044.jpg","assets/images/projects/plant-displays/ranunculus/planning/ran-unknown-058.jpg","File Rename",""
"139","snowdrops","unknown","","plant-displays-snowdrops-build-001.jpg","sno-unknown-001.jpg","assets/images/projects/plant-displays/snowdrops/build/plant-displays-snowdrops-build-001.jpg","assets/images/projects/plant-displays/snowdrops/build/sno-unknown-001.jpg","File Rename",""
"140","snowdrops","unknown","","plant-displays-snowdrops-build-002.jpg","sno-unknown-002.jpg","assets/images/projects/plant-displays/snowdrops/build/plant-displays-snowdrops-build-002.jpg","assets/images/projects/plant-displays/snowdrops/build/sno-unknown-002.jpg","File Rename",""
"141","snowdrops","unknown","","plant-displays-snowdrops-gallery-001.jpg","sno-unknown-003.jpg","assets/images/projects/plant-displays/snowdrops/gallery/plant-displays-snowdrops-gallery-001.jpg","assets/images/projects/plant-displays/snowdrops/gallery/sno-unknown-003.jpg","File Rename",""
"142","snowdrops","unknown","","plant-displays-snowdrops-gallery-002.jpg","sno-unknown-004.jpg","assets/images/projects/plant-displays/snowdrops/gallery/plant-displays-snowdrops-gallery-002.jpg","assets/images/projects/plant-displays/snowdrops/gallery/sno-unknown-004.jpg","File Rename",""
"143","snowdrops","unknown","","plant-displays-snowdrops-gallery-003.jpg","sno-unknown-005.jpg","assets/images/projects/plant-displays/snowdrops/gallery/plant-displays-snowdrops-gallery-003.jpg","assets/images/projects/plant-displays/snowdrops/gallery/sno-unknown-005.jpg","File Rename",""
"144","snowdrops","unknown","","plant-displays-snowdrops-gallery-004.jpg","sno-unknown-006.jpg","assets/images/projects/plant-displays/snowdrops/gallery/plant-displays-snowdrops-gallery-004.jpg","assets/images/projects/plant-displays/snowdrops/gallery/sno-unknown-006.jpg","File Rename",""
"145","snowdrops","unknown","","plant-displays-snowdrops-gallery-005.jpg","sno-unknown-007.jpg","assets/images/projects/plant-displays/snowdrops/gallery/plant-displays-snowdrops-gallery-005.jpg","assets/images/projects/plant-displays/snowdrops/gallery/sno-unknown-007.jpg","File Rename",""
"146","snowdrops","unknown","","plant-displays-snowdrops-planning-001.jpg","sno-unknown-008.jpg","assets/images/projects/plant-displays/snowdrops/planning/plant-displays-snowdrops-planning-001.jpg","assets/images/projects/plant-displays/snowdrops/planning/sno-unknown-008.jpg","File Rename",""
"147","snowdrops","unknown","","plant-displays-snowdrops-planning-002.jpg","sno-unknown-009.jpg","assets/images/projects/plant-displays/snowdrops/planning/plant-displays-snowdrops-planning-002.jpg","assets/images/projects/plant-displays/snowdrops/planning/sno-unknown-009.jpg","File Rename",""
"148","snowdrops","unknown","","plant-displays-snowdrops-planning-003.jpg","sno-unknown-010.jpg","assets/images/projects/plant-displays/snowdrops/planning/plant-displays-snowdrops-planning-003.jpg","assets/images/projects/plant-displays/snowdrops/planning/sno-unknown-010.jpg","File Rename",""
"149","snowdrops","unknown","","plant-displays-snowdrops-planning-004.jpg","sno-unknown-011.jpg","assets/images/projects/plant-displays/snowdrops/planning/plant-displays-snowdrops-planning-004.jpg","assets/images/projects/plant-displays/snowdrops/planning/sno-unknown-011.jpg","File Rename",""
"150","snowdrops","unknown","","plant-displays-snowdrops-planning-005.jpg","sno-unknown-012.jpg","assets/images/projects/plant-displays/snowdrops/planning/plant-displays-snowdrops-planning-005.jpg","assets/images/projects/plant-displays/snowdrops/planning/sno-unknown-012.jpg","File Rename",""
"151","snowdrops","unknown","","plant-displays-snowdrops-planning-006.jpg","sno-unknown-013.jpg","assets/images/projects/plant-displays/snowdrops/planning/plant-displays-snowdrops-planning-006.jpg","assets/images/projects/plant-displays/snowdrops/planning/sno-unknown-013.jpg","File Rename",""
"152","snowdrops","unknown","","plant-displays-snowdrops-planning-007.jpg","sno-unknown-014.jpg","assets/images/projects/plant-displays/snowdrops/planning/plant-displays-snowdrops-planning-007.jpg","assets/images/projects/plant-displays/snowdrops/planning/sno-unknown-014.jpg","File Rename",""
"153","snowdrops","unknown","","plant-displays-snowdrops-planning-008.jpg","sno-unknown-015.jpg","assets/images/projects/plant-displays/snowdrops/planning/plant-displays-snowdrops-planning-008.jpg","assets/images/projects/plant-displays/snowdrops/planning/sno-unknown-015.jpg","File Rename",""
"154","snowdrops","unknown","","plant-displays-snowdrops-planning-009.jpg","sno-unknown-016.jpg","assets/images/projects/plant-displays/snowdrops/planning/plant-displays-snowdrops-planning-009.jpg","assets/images/projects/plant-displays/snowdrops/planning/sno-unknown-016.jpg","File Rename",""
"155","snowdrops","unknown","","plant-displays-snowdrops-planning-010.jpg","sno-unknown-017.jpg","assets/images/projects/plant-displays/snowdrops/planning/plant-displays-snowdrops-planning-010.jpg","assets/images/projects/plant-displays/snowdrops/planning/sno-unknown-017.jpg","File Rename",""
"156","snowdrops","unknown","","plant-displays-snowdrops-planning-011.jpg","sno-unknown-018.jpg","assets/images/projects/plant-displays/snowdrops/planning/plant-displays-snowdrops-planning-011.jpg","assets/images/projects/plant-displays/snowdrops/planning/sno-unknown-018.jpg","File Rename",""
"157","snowdrops","unknown","","plant-displays-snowdrops-planning-012.jpg","sno-unknown-019.jpg","assets/images/projects/plant-displays/snowdrops/planning/plant-displays-snowdrops-planning-012.jpg","assets/images/projects/plant-displays/snowdrops/planning/sno-unknown-019.jpg","File Rename",""
"158","snowdrops","unknown","","plant-displays-snowdrops-planning-013.jpg","sno-unknown-020.jpg","assets/images/projects/plant-displays/snowdrops/planning/plant-displays-snowdrops-planning-013.jpg","assets/images/projects/plant-displays/snowdrops/planning/sno-unknown-020.jpg","File Rename",""
"159","snowdrops","unknown","","plant-displays-snowdrops-planning-014.jpg","sno-unknown-021.jpg","assets/images/projects/plant-displays/snowdrops/planning/plant-displays-snowdrops-planning-014.jpg","assets/images/projects/plant-displays/snowdrops/planning/sno-unknown-021.jpg","File Rename",""
"160","snowdrops","unknown","","plant-displays-snowdrops-planning-015.jpg","sno-unknown-022.jpg","assets/images/projects/plant-displays/snowdrops/planning/plant-displays-snowdrops-planning-015.jpg","assets/images/projects/plant-displays/snowdrops/planning/sno-unknown-022.jpg","File Rename",""
"161","snowdrops","unknown","","plant-displays-snowdrops-planning-016.jpg","sno-unknown-023.jpg","assets/images/projects/plant-displays/snowdrops/planning/plant-displays-snowdrops-planning-016.jpg","assets/images/projects/plant-displays/snowdrops/planning/sno-unknown-023.jpg","File Rename",""
"162","snowdrops","unknown","","plant-displays-snowdrops-planning-017.jpg","sno-unknown-024.jpg","assets/images/projects/plant-displays/snowdrops/planning/plant-displays-snowdrops-planning-017.jpg","assets/images/projects/plant-displays/snowdrops/planning/sno-unknown-024.jpg","File Rename",""
"163","strelitzia","unknown","","plant-displays-strelitzia-planning-001.jpg","str-unknown-001.jpg","assets/images/projects/plant-displays/strelitzia/planning/plant-displays-strelitzia-planning-001.jpg","assets/images/projects/plant-displays/strelitzia/planning/str-unknown-001.jpg","File Rename",""
"164","strelitzia","unknown","","plant-displays-strelitzia-planning-002.jpg","str-unknown-002.jpg","assets/images/projects/plant-displays/strelitzia/planning/plant-displays-strelitzia-planning-002.jpg","assets/images/projects/plant-displays/strelitzia/planning/str-unknown-002.jpg","File Rename",""
"165","strelitzia","unknown","","plant-displays-strelitzia-planning-003.jpg","str-unknown-003.jpg","assets/images/projects/plant-displays/strelitzia/planning/plant-displays-strelitzia-planning-003.jpg","assets/images/projects/plant-displays/strelitzia/planning/str-unknown-003.jpg","File Rename",""
"166","strelitzia","unknown","","plant-displays-strelitzia-planning-004.jpg","str-unknown-004.jpg","assets/images/projects/plant-displays/strelitzia/planning/plant-displays-strelitzia-planning-004.jpg","assets/images/projects/plant-displays/strelitzia/planning/str-unknown-004.jpg","File Rename",""
"167","strelitzia","unknown","","plant-displays-strelitzia-planning-005.jpg","str-unknown-005.jpg","assets/images/projects/plant-displays/strelitzia/planning/plant-displays-strelitzia-planning-005.jpg","assets/images/projects/plant-displays/strelitzia/planning/str-unknown-005.jpg","File Rename",""
"168","strelitzia","unknown","","plant-displays-strelitzia-planning-006.jpg","str-unknown-006.jpg","assets/images/projects/plant-displays/strelitzia/planning/plant-displays-strelitzia-planning-006.jpg","assets/images/projects/plant-displays/strelitzia/planning/str-unknown-006.jpg","File Rename",""
"169","strelitzia","unknown","","plant-displays-strelitzia-planning-007.jpg","str-unknown-007.jpg","assets/images/projects/plant-displays/strelitzia/planning/plant-displays-strelitzia-planning-007.jpg","assets/images/projects/plant-displays/strelitzia/planning/str-unknown-007.jpg","File Rename",""
