"EntryID","FullSourcePath","FullSitePath","PlantName","Category","Subfolder","WebOptimizedBranch","CurrentFileName","SuggestedNewName","NeedsRename"
"1","\\LSUK-SYNRACK\HomeMedia\hobbies\model building\plant displays\Bluebells\web-optimized\build\blu-build-001.jpg","\\ukwsdev07\e$\Models4Comfort\assets\images\projects\plant-displays\bluebells\build\blu-build-001.jpg","Bluebells","build","","build","blu-build-001.jpg","blu-build-001.jpg","NO"
"2","\\LSUK-SYNRACK\HomeMedia\hobbies\model building\plant displays\Bluebells\web-optimized\build\blu-build-002.jpg","\\ukwsdev07\e$\Models4Comfort\assets\images\projects\plant-displays\bluebells\build\blu-build-002.jpg","Bluebells","build","","build","blu-build-002.jpg","blu-build-002.jpg","NO"
"3","\\LSUK-SYNRACK\HomeMedia\hobbies\model building\plant displays\Bluebells\web-optimized\build\blu-build-003.jpg","\\ukwsdev07\e$\Models4Comfort\assets\images\projects\plant-displays\bluebells\build\blu-build-003.jpg","Bluebells","build","","build","blu-build-003.jpg","blu-build-003.jpg","NO"
"4","\\LSUK-SYNRACK\HomeMedia\hobbies\model building\plant displays\Bluebells\web-optimized\build\blu-build-004.jpg","\\ukwsdev07\e$\Models4Comfort\assets\images\projects\plant-displays\bluebells\build\blu-build-004.jpg","Bluebells","build","","build","blu-build-004.jpg","blu-build-004.jpg","NO"
"5","\\LSUK-SYNRACK\HomeMedia\hobbies\model building\plant displays\Bluebells\web-optimized\build\blu-build-005.jpg","\\ukwsdev07\e$\Models4Comfort\assets\images\projects\plant-displays\bluebells\build\blu-build-005.jpg","Bluebells","build","","build","blu-build-005.jpg","blu-build-005.jpg","NO"
"6","\\LSUK-SYNRACK\HomeMedia\hobbies\model building\plant displays\Bluebells\web-optimized\planning\blu-planning-english-bluebell-001.jpg","\\ukwsdev07\e$\Models4Comfort\assets\images\projects\plant-displays\bluebells\planning\blu-planning-english-bluebell-001.jpg","Bluebells","planning","","planning","blu-planning-english-bluebell-001.jpg","blu-planning-001.jpg","YES"
"7","\\LSUK-SYNRACK\HomeMedia\hobbies\model building\plant displays\Bluebells\web-optimized\planning\blu-planning-english-bluebell-002.jpg","\\ukwsdev07\e$\Models4Comfort\assets\images\projects\plant-displays\bluebells\planning\blu-planning-english-bluebell-002.jpg","Bluebells","planning","","planning","blu-planning-english-bluebell-002.jpg","blu-planning-002.jpg","YES"
"8","\\LSUK-SYNRACK\HomeMedia\hobbies\model building\plant displays\Bluebells\web-optimized\planning\blu-planning-muscari-003.jpg","\\ukwsdev07\e$\Models4Comfort\assets\images\projects\plant-displays\bluebells\planning\blu-planning-muscari-003.jpg","Bluebells","planning","","planning","blu-planning-muscari-003.jpg","blu-planning-003.jpg","YES"
"9","\\LSUK-SYNRACK\HomeMedia\hobbies\model building\plant displays\Bluebells\web-optimized\planning\blu-planning-scenery-004.jpg","\\ukwsdev07\e$\Models4Comfort\assets\images\projects\plant-displays\bluebells\planning\blu-planning-scenery-004.jpg","Bluebells","planning","","planning","blu-planning-scenery-004.jpg","blu-planning-004.jpg","YES"
"10","\\LSUK-SYNRACK\HomeMedia\hobbies\model building\plant displays\Bluebells\web-optimized\planning\blu-planning-scenery-005.jpg","\\ukwsdev07\e$\Models4Comfort\assets\images\projects\plant-displays\bluebells\planning\blu-planning-scenery-005.jpg","Bluebells","planning","","planning","blu-planning-scenery-005.jpg","blu-planning-005.jpg","YES"
"11","\\LSUK-SYNRACK\HomeMedia\hobbies\model building\plant displays\Bluebells\web-optimized\planning\blu-planning-spanish-bluebell-006.jpg","\\ukwsdev07\e$\Models4Comfort\assets\images\projects\plant-displays\bluebells\planning\blu-planning-spanish-bluebell-006.jpg","Bluebells","planning","","planning","blu-planning-spanish-bluebell-006.jpg","blu-planning-006.jpg","YES"
"12","\\LSUK-SYNRACK\HomeMedia\hobbies\model building\plant displays\Bluebells\web-optimized\planning\blu-planning-spanish-bluebell-007.jpg","\\ukwsdev07\e$\Models4Comfort\assets\images\projects\plant-displays\bluebells\planning\blu-planning-spanish-bluebell-007.jpg","Bluebells","planning","","planning","blu-planning-spanish-bluebell-007.jpg","blu-planning-007.jpg","YES"
"13","\\LSUK-SYNRACK\HomeMedia\hobbies\model building\plant displays\Bluebells\web-optimized\planning\bulbs\blu-planning-001.jpg","\\ukwsdev07\e$\Models4Comfort\assets\images\projects\plant-displays\bluebells\planning\bulbs\blu-planning-001.jpg","Bluebells","planning","bulbs","planning\bulbs","blu-planning-001.jpg","blu-planning-008.jpg","YES"
"14","\\LSUK-SYNRACK\HomeMedia\hobbies\model building\plant displays\Bluebells\web-optimized\planning\English-Bluebell\blu-planning-001.jpg","\\ukwsdev07\e$\Models4Comfort\assets\images\projects\plant-displays\bluebells\planning\English-Bluebell\blu-planning-001.jpg","Bluebells","planning","English-Bluebell","planning\English-Bluebell","blu-planning-001.jpg","blu-planning-009.jpg","YES"
"15","\\LSUK-SYNRACK\HomeMedia\hobbies\model building\plant displays\Bluebells\web-optimized\planning\English-Bluebell\blu-planning-002.jpg","\\ukwsdev07\e$\Models4Comfort\assets\images\projects\plant-displays\bluebells\planning\English-Bluebell\blu-planning-002.jpg","Bluebells","planning","English-Bluebell","planning\English-Bluebell","blu-planning-002.jpg","blu-planning-010.jpg","YES"
"16","\\LSUK-SYNRACK\HomeMedia\hobbies\model building\plant displays\Bluebells\web-optimized\planning\English-Bluebell\blu-planning-003.jpg","\\ukwsdev07\e$\Models4Comfort\assets\images\projects\plant-displays\bluebells\planning\English-Bluebell\blu-planning-003.jpg","Bluebells","planning","English-Bluebell","planning\English-Bluebell","blu-planning-003.jpg","blu-planning-011.jpg","YES"
"17","\\LSUK-SYNRACK\HomeMedia\hobbies\model building\plant displays\Bluebells\web-optimized\planning\English-Bluebell\blu-planning-004.jpg","\\ukwsdev07\e$\Models4Comfort\assets\images\projects\plant-displays\bluebells\planning\English-Bluebell\blu-planning-004.jpg","Bluebells","planning","English-Bluebell","planning\English-Bluebell","blu-planning-004.jpg","blu-planning-012.jpg","YES"
"18","\\LSUK-SYNRACK\HomeMedia\hobbies\model building\plant displays\Bluebells\web-optimized\planning\English-Bluebell\blu-planning-005.jpg","\\ukwsdev07\e$\Models4Comfort\assets\images\projects\plant-displays\bluebells\planning\English-Bluebell\blu-planning-005.jpg","Bluebells","planning","English-Bluebell","planning\English-Bluebell","blu-planning-005.jpg","blu-planning-013.jpg","YES"
"19","\\LSUK-SYNRACK\HomeMedia\hobbies\model building\plant displays\Bluebells\web-optimized\planning\muscari\blu-planning-001.jpg","\\ukwsdev07\e$\Models4Comfort\assets\images\projects\plant-displays\bluebells\planning\muscari\blu-planning-001.jpg","Bluebells","planning","muscari","planning\muscari","blu-planning-001.jpg","blu-planning-014.jpg","YES"
"20","\\LSUK-SYNRACK\HomeMedia\hobbies\model building\plant displays\Bluebells\web-optimized\planning\muscari\blu-planning-002.jpg","\\ukwsdev07\e$\Models4Comfort\assets\images\projects\plant-displays\bluebells\planning\muscari\blu-planning-002.jpg","Bluebells","planning","muscari","planning\muscari","blu-planning-002.jpg","blu-planning-015.jpg","YES"
"21","\\LSUK-SYNRACK\HomeMedia\hobbies\model building\plant displays\Bluebells\web-optimized\planning\muscari\blu-planning-003.jpg","\\ukwsdev07\e$\Models4Comfort\assets\images\projects\plant-displays\bluebells\planning\muscari\blu-planning-003.jpg","Bluebells","planning","muscari","planning\muscari","blu-planning-003.jpg","blu-planning-016.jpg","YES"
"22","\\LSUK-SYNRACK\HomeMedia\hobbies\model building\plant displays\Bluebells\web-optimized\planning\scenery\blu-planning-001.jpg","\\ukwsdev07\e$\Models4Comfort\assets\images\projects\plant-displays\bluebells\planning\scenery\blu-planning-001.jpg","Bluebells","planning","scenery","planning\scenery","blu-planning-001.jpg","blu-planning-017.jpg","YES"
"23","\\LSUK-SYNRACK\HomeMedia\hobbies\model building\plant displays\Bluebells\web-optimized\planning\scenery\blu-planning-002.jpg","\\ukwsdev07\e$\Models4Comfort\assets\images\projects\plant-displays\bluebells\planning\scenery\blu-planning-002.jpg","Bluebells","planning","scenery","planning\scenery","blu-planning-002.jpg","blu-planning-018.jpg","YES"
"24","\\LSUK-SYNRACK\HomeMedia\hobbies\model building\plant displays\Bluebells\web-optimized\planning\scenery\blu-planning-003.jpg","\\ukwsdev07\e$\Models4Comfort\assets\images\projects\plant-displays\bluebells\planning\scenery\blu-planning-003.jpg","Bluebells","planning","scenery","planning\scenery","blu-planning-003.jpg","blu-planning-019.jpg","YES"
"25","\\LSUK-SYNRACK\HomeMedia\hobbies\model building\plant displays\Bluebells\web-optimized\planning\scenery\blu-planning-004.jpg","\\ukwsdev07\e$\Models4Comfort\assets\images\projects\plant-displays\bluebells\planning\scenery\blu-planning-004.jpg","Bluebells","planning","scenery","planning\scenery","blu-planning-004.jpg","blu-planning-020.jpg","YES"
"26","\\LSUK-SYNRACK\HomeMedia\hobbies\model building\plant displays\Bluebells\web-optimized\planning\scenery\blu-planning-005.jpg","\\ukwsdev07\e$\Models4Comfort\assets\images\projects\plant-displays\bluebells\planning\scenery\blu-planning-005.jpg","Bluebells","planning","scenery","planning\scenery","blu-planning-005.jpg","blu-planning-021.jpg","YES"
"27","\\LSUK-SYNRACK\HomeMedia\hobbies\model building\plant displays\Bluebells\web-optimized\planning\scenery\blu-planning-006.jpg","\\ukwsdev07\e$\Models4Comfort\assets\images\projects\plant-displays\bluebells\planning\scenery\blu-planning-006.jpg","Bluebells","planning","scenery","planning\scenery","blu-planning-006.jpg","blu-planning-022.jpg","YES"
"28","\\LSUK-SYNRACK\HomeMedia\hobbies\model building\plant displays\Bluebells\web-optimized\planning\scenery\blu-planning-007.jpg","\\ukwsdev07\e$\Models4Comfort\assets\images\projects\plant-displays\bluebells\planning\scenery\blu-planning-007.jpg","Bluebells","planning","scenery","planning\scenery","blu-planning-007.jpg","blu-planning-023.jpg","YES"
"29","\\LSUK-SYNRACK\HomeMedia\hobbies\model building\plant displays\Bluebells\web-optimized\planning\Spannish-bluebell\blu-planning-001.jpg","\\ukwsdev07\e$\Models4Comfort\assets\images\projects\plant-displays\bluebells\planning\Spannish-bluebell\blu-planning-001.jpg","Bluebells","planning","Spannish-bluebell","planning\Spannish-bluebell","blu-planning-001.jpg","blu-planning-024.jpg","YES"
"30","\\LSUK-SYNRACK\HomeMedia\hobbies\model building\plant displays\Bluebells\web-optimized\planning\Spannish-bluebell\blu-planning-002.jpg","\\ukwsdev07\e$\Models4Comfort\assets\images\projects\plant-displays\bluebells\planning\Spannish-bluebell\blu-planning-002.jpg","Bluebells","planning","Spannish-bluebell","planning\Spannish-bluebell","blu-planning-002.jpg","blu-planning-025.jpg","YES"
"31","\\LSUK-SYNRACK\HomeMedia\hobbies\model building\plant displays\Bluebells\web-optimized\planning\Spannish-bluebell\blu-planning-003.jpg","\\ukwsdev07\e$\Models4Comfort\assets\images\projects\plant-displays\bluebells\planning\Spannish-bluebell\blu-planning-003.jpg","Bluebells","planning","Spannish-bluebell","planning\Spannish-bluebell","blu-planning-003.jpg","blu-planning-026.jpg","YES"
"32","\\LSUK-SYNRACK\HomeMedia\hobbies\model building\plant displays\Bluebells\web-optimized\planning\Spannish-bluebell\blu-planning-004.jpg","\\ukwsdev07\e$\Models4Comfort\assets\images\projects\plant-displays\bluebells\planning\Spannish-bluebell\blu-planning-004.jpg","Bluebells","planning","Spannish-bluebell","planning\Spannish-bluebell","blu-planning-004.jpg","blu-planning-027.jpg","YES"
"33","\\LSUK-SYNRACK\HomeMedia\hobbies\model building\plant displays\Bluebells\web-optimized\planning\Spannish-bluebell\blu-planning-005.jpg","\\ukwsdev07\e$\Models4Comfort\assets\images\projects\plant-displays\bluebells\planning\Spannish-bluebell\blu-planning-005.jpg","Bluebells","planning","Spannish-bluebell","planning\Spannish-bluebell","blu-planning-005.jpg","blu-planning-028.jpg","YES"
"34","\\LSUK-SYNRACK\HomeMedia\hobbies\model building\plant displays\Bluebells\web-optimized\planning\Spannish-bluebell\blu-planning-006.jpg","\\ukwsdev07\e$\Models4Comfort\assets\images\projects\plant-displays\bluebells\planning\Spannish-bluebell\blu-planning-006.jpg","Bluebells","planning","Spannish-bluebell","planning\Spannish-bluebell","blu-planning-006.jpg","blu-planning-029.jpg","YES"
"35","\\LSUK-SYNRACK\HomeMedia\hobbies\model building\plant displays\Bluebells\web-optimized\planning\Spannish-bluebell\blu-planning-007.jpg","\\ukwsdev07\e$\Models4Comfort\assets\images\projects\plant-displays\bluebells\planning\Spannish-bluebell\blu-planning-007.jpg","Bluebells","planning","Spannish-bluebell","planning\Spannish-bluebell","blu-planning-007.jpg","blu-planning-030.jpg","YES"
"36","\\LSUK-SYNRACK\HomeMedia\hobbies\model building\plant displays\Bluebells\web-optimized\planning\Spannish-bluebell\blu-planning-008.jpg","\\ukwsdev07\e$\Models4Comfort\assets\images\projects\plant-displays\bluebells\planning\Spannish-bluebell\blu-planning-008.jpg","Bluebells","planning","Spannish-bluebell","planning\Spannish-bluebell","blu-planning-008.jpg","blu-planning-031.jpg","YES"
"37","\\LSUK-SYNRACK\HomeMedia\hobbies\model building\plant displays\Daffoldil\web-optimized\build\plant-displays-daffodil-build-001.jpg","\\ukwsdev07\e$\Models4Comfort\assets\images\projects\plant-displays\daffoldil\build\plant-displays-daffodil-build-001.jpg","Daffoldil","build","","build","plant-displays-daffodil-build-001.jpg","daf-build-001.jpg","YES"
"38","\\LSUK-SYNRACK\HomeMedia\hobbies\model building\plant displays\Daffoldil\web-optimized\build\plant-displays-daffodil-build-002.jpg","\\ukwsdev07\e$\Models4Comfort\assets\images\projects\plant-displays\daffoldil\build\plant-displays-daffodil-build-002.jpg","Daffoldil","build","","build","plant-displays-daffodil-build-002.jpg","daf-build-002.jpg","YES"
"39","\\LSUK-SYNRACK\HomeMedia\hobbies\model building\plant displays\Daffoldil\web-optimized\build\plant-displays-daffodil-build-003.jpg","\\ukwsdev07\e$\Models4Comfort\assets\images\projects\plant-displays\daffoldil\build\plant-displays-daffodil-build-003.jpg","Daffoldil","build","","build","plant-displays-daffodil-build-003.jpg","daf-build-003.jpg","YES"
"40","\\LSUK-SYNRACK\HomeMedia\hobbies\model building\plant displays\Daffoldil\web-optimized\build\plant-displays-daffodil-build-004.jpg","\\ukwsdev07\e$\Models4Comfort\assets\images\projects\plant-displays\daffoldil\build\plant-displays-daffodil-build-004.jpg","Daffoldil","build","","build","plant-displays-daffodil-build-004.jpg","daf-build-004.jpg","YES"
"41","\\LSUK-SYNRACK\HomeMedia\hobbies\model building\plant displays\Daffoldil\web-optimized\build\plant-displays-daffodil-build-005.jpg","\\ukwsdev07\e$\Models4Comfort\assets\images\projects\plant-displays\daffoldil\build\plant-displays-daffodil-build-005.jpg","Daffoldil","build","","build","plant-displays-daffodil-build-005.jpg","daf-build-005.jpg","YES"
"42","\\LSUK-SYNRACK\HomeMedia\hobbies\model building\plant displays\Daffoldil\web-optimized\build\plant-displays-daffodil-build-006.jpg","\\ukwsdev07\e$\Models4Comfort\assets\images\projects\plant-displays\daffoldil\build\plant-displays-daffodil-build-006.jpg","Daffoldil","build","","build","plant-displays-daffodil-build-006.jpg","daf-build-006.jpg","YES"
"43","\\LSUK-SYNRACK\HomeMedia\hobbies\model building\plant displays\Daffoldil\web-optimized\gallery\plant-displays-daffodil-gallery-001.jpg","\\ukwsdev07\e$\Models4Comfort\assets\images\projects\plant-displays\daffoldil\gallery\plant-displays-daffodil-gallery-001.jpg","Daffoldil","gallery","","gallery","plant-displays-daffodil-gallery-001.jpg","daf-gallery-001.jpg","YES"
"44","\\LSUK-SYNRACK\HomeMedia\hobbies\model building\plant displays\Daffoldil\web-optimized\planning\bulbs\plant-displays-daffodil-planning-017.jpg","\\ukwsdev07\e$\Models4Comfort\assets\images\projects\plant-displays\daffoldil\planning\bulbs\plant-displays-daffodil-planning-017.jpg","Daffoldil","planning","bulbs","planning\bulbs","plant-displays-daffodil-planning-017.jpg","daf-planning-001.jpg","YES"
"45","\\LSUK-SYNRACK\HomeMedia\hobbies\model building\plant displays\Daffoldil\web-optimized\planning\daffodil-planning-bulbs-01.jpg","\\ukwsdev07\e$\Models4Comfort\assets\images\projects\plant-displays\daffoldil\planning\daffodil-planning-bulbs-01.jpg","Daffoldil","planning","","planning","daffodil-planning-bulbs-01.jpg","daf-planning-002.jpg","YES"
"46","\\LSUK-SYNRACK\HomeMedia\hobbies\model building\plant displays\Daffoldil\web-optimized\planning\daffodil-planning-flowers-01.jpg","\\ukwsdev07\e$\Models4Comfort\assets\images\projects\plant-displays\daffoldil\planning\daffodil-planning-flowers-01.jpg","Daffoldil","planning","","planning","daffodil-planning-flowers-01.jpg","daf-planning-003.jpg","YES"
"47","\\LSUK-SYNRACK\HomeMedia\hobbies\model building\plant displays\Daffoldil\web-optimized\planning\daffodil-planning-flowers-02.jpg","\\ukwsdev07\e$\Models4Comfort\assets\images\projects\plant-displays\daffoldil\planning\daffodil-planning-flowers-02.jpg","Daffoldil","planning","","planning","daffodil-planning-flowers-02.jpg","daf-planning-004.jpg","YES"
"48","\\LSUK-SYNRACK\HomeMedia\hobbies\model building\plant displays\Daffoldil\web-optimized\planning\daffodil-planning-flowers-03.jpg","\\ukwsdev07\e$\Models4Comfort\assets\images\projects\plant-displays\daffoldil\planning\daffodil-planning-flowers-03.jpg","Daffoldil","planning","","planning","daffodil-planning-flowers-03.jpg","daf-planning-005.jpg","YES"
"49","\\LSUK-SYNRACK\HomeMedia\hobbies\model building\plant displays\Daffoldil\web-optimized\planning\daffodil-planning-scenes-01.jpg","\\ukwsdev07\e$\Models4Comfort\assets\images\projects\plant-displays\daffoldil\planning\daffodil-planning-scenes-01.jpg","Daffoldil","planning","","planning","daffodil-planning-scenes-01.jpg","daf-planning-006.jpg","YES"
"50","\\LSUK-SYNRACK\HomeMedia\hobbies\model building\plant displays\Daffoldil\web-optimized\planning\daffodil-planning-templates-01.jpg","\\ukwsdev07\e$\Models4Comfort\assets\images\projects\plant-displays\daffoldil\planning\daffodil-planning-templates-01.jpg","Daffoldil","planning","","planning","daffodil-planning-templates-01.jpg","daf-planning-007.jpg","YES"
"51","\\LSUK-SYNRACK\HomeMedia\hobbies\model building\plant displays\Daffoldil\web-optimized\planning\flowers\plant-displays-daffodil-planning-002.jpg","\\ukwsdev07\e$\Models4Comfort\assets\images\projects\plant-displays\daffoldil\planning\flowers\plant-displays-daffodil-planning-002.jpg","Daffoldil","planning","flowers","planning\flowers","plant-displays-daffodil-planning-002.jpg","daf-planning-008.jpg","YES"
"52","\\LSUK-SYNRACK\HomeMedia\hobbies\model building\plant displays\Daffoldil\web-optimized\planning\flowers\plant-displays-daffodil-planning-003.jpg","\\ukwsdev07\e$\Models4Comfort\assets\images\projects\plant-displays\daffoldil\planning\flowers\plant-displays-daffodil-planning-003.jpg","Daffoldil","planning","flowers","planning\flowers","plant-displays-daffodil-planning-003.jpg","daf-planning-009.jpg","YES"
"53","\\LSUK-SYNRACK\HomeMedia\hobbies\model building\plant displays\Daffoldil\web-optimized\planning\flowers\plant-displays-daffodil-planning-006.jpg","\\ukwsdev07\e$\Models4Comfort\assets\images\projects\plant-displays\daffoldil\planning\flowers\plant-displays-daffodil-planning-006.jpg","Daffoldil","planning","flowers","planning\flowers","plant-displays-daffodil-planning-006.jpg","daf-planning-010.jpg","YES"
"54","\\LSUK-SYNRACK\HomeMedia\hobbies\model building\plant displays\Daffoldil\web-optimized\planning\flowers\plant-displays-daffodil-planning-007.jpg","\\ukwsdev07\e$\Models4Comfort\assets\images\projects\plant-displays\daffoldil\planning\flowers\plant-displays-daffodil-planning-007.jpg","Daffoldil","planning","flowers","planning\flowers","plant-displays-daffodil-planning-007.jpg","daf-planning-011.jpg","YES"
"55","\\LSUK-SYNRACK\HomeMedia\hobbies\model building\plant displays\Daffoldil\web-optimized\planning\flowers\plant-displays-daffodil-planning-008.jpg","\\ukwsdev07\e$\Models4Comfort\assets\images\projects\plant-displays\daffoldil\planning\flowers\plant-displays-daffodil-planning-008.jpg","Daffoldil","planning","flowers","planning\flowers","plant-displays-daffodil-planning-008.jpg","daf-planning-012.jpg","YES"
"56","\\LSUK-SYNRACK\HomeMedia\hobbies\model building\plant displays\Daffoldil\web-optimized\planning\flowers\plant-displays-daffodil-planning-011.jpg","\\ukwsdev07\e$\Models4Comfort\assets\images\projects\plant-displays\daffoldil\planning\flowers\plant-displays-daffodil-planning-011.jpg","Daffoldil","planning","flowers","planning\flowers","plant-displays-daffodil-planning-011.jpg","daf-planning-013.jpg","YES"
"57","\\LSUK-SYNRACK\HomeMedia\hobbies\model building\plant displays\Daffoldil\web-optimized\planning\flowers\plant-displays-daffodil-planning-012.jpg","\\ukwsdev07\e$\Models4Comfort\assets\images\projects\plant-displays\daffoldil\planning\flowers\plant-displays-daffodil-planning-012.jpg","Daffoldil","planning","flowers","planning\flowers","plant-displays-daffodil-planning-012.jpg","daf-planning-014.jpg","YES"
"58","\\LSUK-SYNRACK\HomeMedia\hobbies\model building\plant displays\Daffoldil\web-optimized\planning\flowers\plant-displays-daffodil-planning-013.jpg","\\ukwsdev07\e$\Models4Comfort\assets\images\projects\plant-displays\daffoldil\planning\flowers\plant-displays-daffodil-planning-013.jpg","Daffoldil","planning","flowers","planning\flowers","plant-displays-daffodil-planning-013.jpg","daf-planning-015.jpg","YES"
"59","\\LSUK-SYNRACK\HomeMedia\hobbies\model building\plant displays\Daffoldil\web-optimized\planning\flowers\plant-displays-daffodil-planning-014.jpg","\\ukwsdev07\e$\Models4Comfort\assets\images\projects\plant-displays\daffoldil\planning\flowers\plant-displays-daffodil-planning-014.jpg","Daffoldil","planning","flowers","planning\flowers","plant-displays-daffodil-planning-014.jpg","daf-planning-016.jpg","YES"
"60","\\LSUK-SYNRACK\HomeMedia\hobbies\model building\plant displays\Daffoldil\web-optimized\planning\flowers\plant-displays-daffodil-planning-016.jpg","\\ukwsdev07\e$\Models4Comfort\assets\images\projects\plant-displays\daffoldil\planning\flowers\plant-displays-daffodil-planning-016.jpg","Daffoldil","planning","flowers","planning\flowers","plant-displays-daffodil-planning-016.jpg","daf-planning-017.jpg","YES"
"61","\\LSUK-SYNRACK\HomeMedia\hobbies\model building\plant displays\Daffoldil\web-optimized\planning\flowers\plant-displays-daffodil-planning-019.jpg","\\ukwsdev07\e$\Models4Comfort\assets\images\projects\plant-displays\daffoldil\planning\flowers\plant-displays-daffodil-planning-019.jpg","Daffoldil","planning","flowers","planning\flowers","plant-displays-daffodil-planning-019.jpg","daf-planning-018.jpg","YES"
"62","\\LSUK-SYNRACK\HomeMedia\hobbies\model building\plant displays\Daffoldil\web-optimized\planning\flowers\plant-displays-daffodil-planning-020.jpg","\\ukwsdev07\e$\Models4Comfort\assets\images\projects\plant-displays\daffoldil\planning\flowers\plant-displays-daffodil-planning-020.jpg","Daffoldil","planning","flowers","planning\flowers","plant-displays-daffodil-planning-020.jpg","daf-planning-019.jpg","YES"
"63","\\LSUK-SYNRACK\HomeMedia\hobbies\model building\plant displays\Daffoldil\web-optimized\planning\scenes\plant-displays-daffodil-planning-001.jpg","\\ukwsdev07\e$\Models4Comfort\assets\images\projects\plant-displays\daffoldil\planning\scenes\plant-displays-daffodil-planning-001.jpg","Daffoldil","planning","scenes","planning\scenes","plant-displays-daffodil-planning-001.jpg","daf-planning-020.jpg","YES"
"64","\\LSUK-SYNRACK\HomeMedia\hobbies\model building\plant displays\Daffoldil\web-optimized\planning\scenes\plant-displays-daffodil-planning-010.jpg","\\ukwsdev07\e$\Models4Comfort\assets\images\projects\plant-displays\daffoldil\planning\scenes\plant-displays-daffodil-planning-010.jpg","Daffoldil","planning","scenes","planning\scenes","plant-displays-daffodil-planning-010.jpg","daf-planning-021.jpg","YES"
"65","\\LSUK-SYNRACK\HomeMedia\hobbies\model building\plant displays\Daffoldil\web-optimized\planning\scenes\plant-displays-daffodil-planning-018.jpg","\\ukwsdev07\e$\Models4Comfort\assets\images\projects\plant-displays\daffoldil\planning\scenes\plant-displays-daffodil-planning-018.jpg","Daffoldil","planning","scenes","planning\scenes","plant-displays-daffodil-planning-018.jpg","daf-planning-022.jpg","YES"
"66","\\LSUK-SYNRACK\HomeMedia\hobbies\model building\plant displays\Daffoldil\web-optimized\planning\templates\plant-displays-daffodil-planning-004.jpg","\\ukwsdev07\e$\Models4Comfort\assets\images\projects\plant-displays\daffoldil\planning\templates\plant-displays-daffodil-planning-004.jpg","Daffoldil","planning","templates","planning\templates","plant-displays-daffodil-planning-004.jpg","daf-planning-023.jpg","YES"
"67","\\LSUK-SYNRACK\HomeMedia\hobbies\model building\plant displays\Daffoldil\web-optimized\planning\templates\plant-displays-daffodil-planning-005.jpg","\\ukwsdev07\e$\Models4Comfort\assets\images\projects\plant-displays\daffoldil\planning\templates\plant-displays-daffodil-planning-005.jpg","Daffoldil","planning","templates","planning\templates","plant-displays-daffodil-planning-005.jpg","daf-planning-024.jpg","YES"
"68","\\LSUK-SYNRACK\HomeMedia\hobbies\model building\plant displays\Daffoldil\web-optimized\planning\templates\plant-displays-daffodil-planning-009.jpg","\\ukwsdev07\e$\Models4Comfort\assets\images\projects\plant-displays\daffoldil\planning\templates\plant-displays-daffodil-planning-009.jpg","Daffoldil","planning","templates","planning\templates","plant-displays-daffodil-planning-009.jpg","daf-planning-025.jpg","YES"
"69","\\LSUK-SYNRACK\HomeMedia\hobbies\model building\plant displays\Hibiscus\web-optimized\planning\plant-displays-hibiscus-planning-001.jpg","\\ukwsdev07\e$\Models4Comfort\assets\images\projects\plant-displays\hibiscus\planning\plant-displays-hibiscus-planning-001.jpg","Hibiscus","planning","","planning","plant-displays-hibiscus-planning-001.jpg","hib-planning-001.jpg","YES"
"70","\\LSUK-SYNRACK\HomeMedia\hobbies\model building\plant displays\Hibiscus\web-optimized\planning\plant-displays-hibiscus-planning-002.jpg","\\ukwsdev07\e$\Models4Comfort\assets\images\projects\plant-displays\hibiscus\planning\plant-displays-hibiscus-planning-002.jpg","Hibiscus","planning","","planning","plant-displays-hibiscus-planning-002.jpg","hib-planning-002.jpg","YES"
"71","\\LSUK-SYNRACK\HomeMedia\hobbies\model building\plant displays\Hibiscus\web-optimized\planning\plant-displays-hibiscus-planning-003.jpg","\\ukwsdev07\e$\Models4Comfort\assets\images\projects\plant-displays\hibiscus\planning\plant-displays-hibiscus-planning-003.jpg","Hibiscus","planning","","planning","plant-displays-hibiscus-planning-003.jpg","hib-planning-003.jpg","YES"
"72","\\LSUK-SYNRACK\HomeMedia\hobbies\model building\plant displays\Hibiscus\web-optimized\planning\plant-displays-hibiscus-planning-004.jpg","\\ukwsdev07\e$\Models4Comfort\assets\images\projects\plant-displays\hibiscus\planning\plant-displays-hibiscus-planning-004.jpg","Hibiscus","planning","","planning","plant-displays-hibiscus-planning-004.jpg","hib-planning-004.jpg","YES"
"73","\\LSUK-SYNRACK\HomeMedia\hobbies\model building\plant displays\Hibiscus\web-optimized\planning\plant-displays-hibiscus-planning-005.jpg","\\ukwsdev07\e$\Models4Comfort\assets\images\projects\plant-displays\hibiscus\planning\plant-displays-hibiscus-planning-005.jpg","Hibiscus","planning","","planning","plant-displays-hibiscus-planning-005.jpg","hib-planning-005.jpg","YES"
"74","\\LSUK-SYNRACK\HomeMedia\hobbies\model building\plant displays\Hibiscus\web-optimized\planning\plant-displays-hibiscus-planning-006.jpg","\\ukwsdev07\e$\Models4Comfort\assets\images\projects\plant-displays\hibiscus\planning\plant-displays-hibiscus-planning-006.jpg","Hibiscus","planning","","planning","plant-displays-hibiscus-planning-006.jpg","hib-planning-006.jpg","YES"
"75","\\LSUK-SYNRACK\HomeMedia\hobbies\model building\plant displays\Protea\web-optimized\planning\pro-planning-001.jpg","\\ukwsdev07\e$\Models4Comfort\assets\images\projects\plant-displays\protea\planning\pro-planning-001.jpg","Protea","planning","","planning","pro-planning-001.jpg","pro-planning-001.jpg","NO"
"76","\\LSUK-SYNRACK\HomeMedia\hobbies\model building\plant displays\Protea\web-optimized\planning\pro-planning-002.jpg","\\ukwsdev07\e$\Models4Comfort\assets\images\projects\plant-displays\protea\planning\pro-planning-002.jpg","Protea","planning","","planning","pro-planning-002.jpg","pro-planning-002.jpg","NO"
"77","\\LSUK-SYNRACK\HomeMedia\hobbies\model building\plant displays\Protea\web-optimized\planning\pro-planning-003.jpg","\\ukwsdev07\e$\Models4Comfort\assets\images\projects\plant-displays\protea\planning\pro-planning-003.jpg","Protea","planning","","planning","pro-planning-003.jpg","pro-planning-003.jpg","NO"
"78","\\LSUK-SYNRACK\HomeMedia\hobbies\model building\plant displays\Protea\web-optimized\planning\pro-planning-004.jpg","\\ukwsdev07\e$\Models4Comfort\assets\images\projects\plant-displays\protea\planning\pro-planning-004.jpg","Protea","planning","","planning","pro-planning-004.jpg","pro-planning-004.jpg","NO"
"79","\\LSUK-SYNRACK\HomeMedia\hobbies\model building\plant displays\ranunculus\web-optimized\build\ran-build-001.jpg","\\ukwsdev07\e$\Models4Comfort\assets\images\projects\plant-displays\ranunculus\build\ran-build-001.jpg","ranunculus","build","","build","ran-build-001.jpg","ran-build-001.jpg","NO"
"80","\\LSUK-SYNRACK\HomeMedia\hobbies\model building\plant displays\ranunculus\web-optimized\build\ran-build-002.jpg","\\ukwsdev07\e$\Models4Comfort\assets\images\projects\plant-displays\ranunculus\build\ran-build-002.jpg","ranunculus","build","","build","ran-build-002.jpg","ran-build-002.jpg","NO"
"81","\\LSUK-SYNRACK\HomeMedia\hobbies\model building\plant displays\ranunculus\web-optimized\build\ran-build-003.jpg","\\ukwsdev07\e$\Models4Comfort\assets\images\projects\plant-displays\ranunculus\build\ran-build-003.jpg","ranunculus","build","","build","ran-build-003.jpg","ran-build-003.jpg","NO"
"82","\\LSUK-SYNRACK\HomeMedia\hobbies\model building\plant displays\ranunculus\web-optimized\gallery\plant-displays-ranunculus-planning-027.jpg","\\ukwsdev07\e$\Models4Comfort\assets\images\projects\plant-displays\ranunculus\gallery\plant-displays-ranunculus-planning-027.jpg","ranunculus","gallery","","gallery","plant-displays-ranunculus-planning-027.jpg","ran-gallery-001.jpg","YES"
"83","\\LSUK-SYNRACK\HomeMedia\hobbies\model building\plant displays\ranunculus\web-optimized\gallery\ran-gallery-001.jpg","\\ukwsdev07\e$\Models4Comfort\assets\images\projects\plant-displays\ranunculus\gallery\ran-gallery-001.jpg","ranunculus","gallery","","gallery","ran-gallery-001.jpg","ran-gallery-002.jpg","YES"
"84","\\LSUK-SYNRACK\HomeMedia\hobbies\model building\plant displays\ranunculus\web-optimized\gallery\ran-gallery-002.jpg","\\ukwsdev07\e$\Models4Comfort\assets\images\projects\plant-displays\ranunculus\gallery\ran-gallery-002.jpg","ranunculus","gallery","","gallery","ran-gallery-002.jpg","ran-gallery-003.jpg","YES"
"85","\\LSUK-SYNRACK\HomeMedia\hobbies\model building\plant displays\ranunculus\web-optimized\gallery\ran-gallery-003.jpg","\\ukwsdev07\e$\Models4Comfort\assets\images\projects\plant-displays\ranunculus\gallery\ran-gallery-003.jpg","ranunculus","gallery","","gallery","ran-gallery-003.jpg","ran-gallery-004.jpg","YES"
"86","\\LSUK-SYNRACK\HomeMedia\hobbies\model building\plant displays\ranunculus\web-optimized\gallery\ran-gallery-004.jpg","\\ukwsdev07\e$\Models4Comfort\assets\images\projects\plant-displays\ranunculus\gallery\ran-gallery-004.jpg","ranunculus","gallery","","gallery","ran-gallery-004.jpg","ran-gallery-005.jpg","YES"
"87","\\LSUK-SYNRACK\HomeMedia\hobbies\model building\plant displays\ranunculus\web-optimized\gallery\ran-gallery-005.jpg","\\ukwsdev07\e$\Models4Comfort\assets\images\projects\plant-displays\ranunculus\gallery\ran-gallery-005.jpg","ranunculus","gallery","","gallery","ran-gallery-005.jpg","ran-gallery-006.jpg","YES"
"88","\\LSUK-SYNRACK\HomeMedia\hobbies\model building\plant displays\ranunculus\web-optimized\gallery\ran-gallery-006.jpg","\\ukwsdev07\e$\Models4Comfort\assets\images\projects\plant-displays\ranunculus\gallery\ran-gallery-006.jpg","ranunculus","gallery","","gallery","ran-gallery-006.jpg","ran-gallery-007.jpg","YES"
"89","\\LSUK-SYNRACK\HomeMedia\hobbies\model building\plant displays\ranunculus\web-optimized\gallery\ran-gallery-007.jpg","\\ukwsdev07\e$\Models4Comfort\assets\images\projects\plant-displays\ranunculus\gallery\ran-gallery-007.jpg","ranunculus","gallery","","gallery","ran-gallery-007.jpg","ran-gallery-008.jpg","YES"
"90","\\LSUK-SYNRACK\HomeMedia\hobbies\model building\plant displays\ranunculus\web-optimized\gallery\ran-gallery-008.jpg","\\ukwsdev07\e$\Models4Comfort\assets\images\projects\plant-displays\ranunculus\gallery\ran-gallery-008.jpg","ranunculus","gallery","","gallery","ran-gallery-008.jpg","ran-gallery-009.jpg","YES"
"91","\\LSUK-SYNRACK\HomeMedia\hobbies\model building\plant displays\ranunculus\web-optimized\gallery\ran-gallery-009.jpg","\\ukwsdev07\e$\Models4Comfort\assets\images\projects\plant-displays\ranunculus\gallery\ran-gallery-009.jpg","ranunculus","gallery","","gallery","ran-gallery-009.jpg","ran-gallery-010.jpg","YES"
"92","\\LSUK-SYNRACK\HomeMedia\hobbies\model building\plant displays\ranunculus\web-optimized\gallery\ran-gallery-010.jpg","\\ukwsdev07\e$\Models4Comfort\assets\images\projects\plant-displays\ranunculus\gallery\ran-gallery-010.jpg","ranunculus","gallery","","gallery","ran-gallery-010.jpg","ran-gallery-011.jpg","YES"
"93","\\LSUK-SYNRACK\HomeMedia\hobbies\model building\plant displays\ranunculus\web-optimized\gallery\ran-gallery-011.jpg","\\ukwsdev07\e$\Models4Comfort\assets\images\projects\plant-displays\ranunculus\gallery\ran-gallery-011.jpg","ranunculus","gallery","","gallery","ran-gallery-011.jpg","ran-gallery-012.jpg","YES"
"94","\\LSUK-SYNRACK\HomeMedia\hobbies\model building\plant displays\ranunculus\web-optimized\gallery\ran-gallery-012.jpg","\\ukwsdev07\e$\Models4Comfort\assets\images\projects\plant-displays\ranunculus\gallery\ran-gallery-012.jpg","ranunculus","gallery","","gallery","ran-gallery-012.jpg","ran-gallery-013.jpg","YES"
"95","\\LSUK-SYNRACK\HomeMedia\hobbies\model building\plant displays\ranunculus\web-optimized\planning\buttercup-flower\plant-displays-ranunculus-planning-004.jpg","\\ukwsdev07\e$\Models4Comfort\assets\images\projects\plant-displays\ranunculus\planning\buttercup-flower\plant-displays-ranunculus-planning-004.jpg","ranunculus","planning","buttercup-flower","planning\buttercup-flower","plant-displays-ranunculus-planning-004.jpg","ran-planning-001.jpg","YES"
"96","\\LSUK-SYNRACK\HomeMedia\hobbies\model building\plant displays\ranunculus\web-optimized\planning\buttercup-flower\plant-displays-ranunculus-planning-005.jpg","\\ukwsdev07\e$\Models4Comfort\assets\images\projects\plant-displays\ranunculus\planning\buttercup-flower\plant-displays-ranunculus-planning-005.jpg","ranunculus","planning","buttercup-flower","planning\buttercup-flower","plant-displays-ranunculus-planning-005.jpg","ran-planning-002.jpg","YES"
"97","\\LSUK-SYNRACK\HomeMedia\hobbies\model building\plant displays\ranunculus\web-optimized\planning\buttercup-flower\plant-displays-ranunculus-planning-014.jpg","\\ukwsdev07\e$\Models4Comfort\assets\images\projects\plant-displays\ranunculus\planning\buttercup-flower\plant-displays-ranunculus-planning-014.jpg","ranunculus","planning","buttercup-flower","planning\buttercup-flower","plant-displays-ranunculus-planning-014.jpg","ran-planning-003.jpg","YES"
"98","\\LSUK-SYNRACK\HomeMedia\hobbies\model building\plant displays\ranunculus\web-optimized\planning\buttercup-flower\plant-displays-ranunculus-planning-019.jpg","\\ukwsdev07\e$\Models4Comfort\assets\images\projects\plant-displays\ranunculus\planning\buttercup-flower\plant-displays-ranunculus-planning-019.jpg","ranunculus","planning","buttercup-flower","planning\buttercup-flower","plant-displays-ranunculus-planning-019.jpg","ran-planning-004.jpg","YES"
"99","\\LSUK-SYNRACK\HomeMedia\hobbies\model building\plant displays\ranunculus\web-optimized\planning\buttercup-flower\plant-displays-ranunculus-planning-020.jpg","\\ukwsdev07\e$\Models4Comfort\assets\images\projects\plant-displays\ranunculus\planning\buttercup-flower\plant-displays-ranunculus-planning-020.jpg","ranunculus","planning","buttercup-flower","planning\buttercup-flower","plant-displays-ranunculus-planning-020.jpg","ran-planning-005.jpg","YES"
"100","\\LSUK-SYNRACK\HomeMedia\hobbies\model building\plant displays\ranunculus\web-optimized\planning\buttercup-flower\plant-displays-ranunculus-planning-023.jpg","\\ukwsdev07\e$\Models4Comfort\assets\images\projects\plant-displays\ranunculus\planning\buttercup-flower\plant-displays-ranunculus-planning-023.jpg","ranunculus","planning","buttercup-flower","planning\buttercup-flower","plant-displays-ranunculus-planning-023.jpg","ran-planning-006.jpg","YES"
"101","\\LSUK-SYNRACK\HomeMedia\hobbies\model building\plant displays\ranunculus\web-optimized\planning\buttercup-flower\plant-displays-ranunculus-planning-026.jpg","\\ukwsdev07\e$\Models4Comfort\assets\images\projects\plant-displays\ranunculus\planning\buttercup-flower\plant-displays-ranunculus-planning-026.jpg","ranunculus","planning","buttercup-flower","planning\buttercup-flower","plant-displays-ranunculus-planning-026.jpg","ran-planning-007.jpg","YES"
"102","\\LSUK-SYNRACK\HomeMedia\hobbies\model building\plant displays\ranunculus\web-optimized\planning\buttercup-flower\plant-displays-ranunculus-planning-036.jpg","\\ukwsdev07\e$\Models4Comfort\assets\images\projects\plant-displays\ranunculus\planning\buttercup-flower\plant-displays-ranunculus-planning-036.jpg","ranunculus","planning","buttercup-flower","planning\buttercup-flower","plant-displays-ranunculus-planning-036.jpg","ran-planning-008.jpg","YES"
"103","\\LSUK-SYNRACK\HomeMedia\hobbies\model building\plant displays\ranunculus\web-optimized\planning\buttercup-flower\plant-displays-ranunculus-planning-040.jpg","\\ukwsdev07\e$\Models4Comfort\assets\images\projects\plant-displays\ranunculus\planning\buttercup-flower\plant-displays-ranunculus-planning-040.jpg","ranunculus","planning","buttercup-flower","planning\buttercup-flower","plant-displays-ranunculus-planning-040.jpg","ran-planning-009.jpg","YES"
"104","\\LSUK-SYNRACK\HomeMedia\hobbies\model building\plant displays\ranunculus\web-optimized\planning\composite-flower\plant-displays-ranunculus-planning-002.jpg","\\ukwsdev07\e$\Models4Comfort\assets\images\projects\plant-displays\ranunculus\planning\composite-flower\plant-displays-ranunculus-planning-002.jpg","ranunculus","planning","composite-flower","planning\composite-flower","plant-displays-ranunculus-planning-002.jpg","ran-planning-010.jpg","YES"
"105","\\LSUK-SYNRACK\HomeMedia\hobbies\model building\plant displays\ranunculus\web-optimized\planning\composite-flower\plant-displays-ranunculus-planning-003.jpg","\\ukwsdev07\e$\Models4Comfort\assets\images\projects\plant-displays\ranunculus\planning\composite-flower\plant-displays-ranunculus-planning-003.jpg","ranunculus","planning","composite-flower","planning\composite-flower","plant-displays-ranunculus-planning-003.jpg","ran-planning-011.jpg","YES"
"106","\\LSUK-SYNRACK\HomeMedia\hobbies\model building\plant displays\ranunculus\web-optimized\planning\composite-flower\plant-displays-ranunculus-planning-006.jpg","\\ukwsdev07\e$\Models4Comfort\assets\images\projects\plant-displays\ranunculus\planning\composite-flower\plant-displays-ranunculus-planning-006.jpg","ranunculus","planning","composite-flower","planning\composite-flower","plant-displays-ranunculus-planning-006.jpg","ran-planning-012.jpg","YES"
"107","\\LSUK-SYNRACK\HomeMedia\hobbies\model building\plant displays\ranunculus\web-optimized\planning\composite-flower\plant-displays-ranunculus-planning-007.jpg","\\ukwsdev07\e$\Models4Comfort\assets\images\projects\plant-displays\ranunculus\planning\composite-flower\plant-displays-ranunculus-planning-007.jpg","ranunculus","planning","composite-flower","planning\composite-flower","plant-displays-ranunculus-planning-007.jpg","ran-planning-013.jpg","YES"
"108","\\LSUK-SYNRACK\HomeMedia\hobbies\model building\plant displays\ranunculus\web-optimized\planning\composite-flower\plant-displays-ranunculus-planning-008.jpg","\\ukwsdev07\e$\Models4Comfort\assets\images\projects\plant-displays\ranunculus\planning\composite-flower\plant-displays-ranunculus-planning-008.jpg","ranunculus","planning","composite-flower","planning\composite-flower","plant-displays-ranunculus-planning-008.jpg","ran-planning-014.jpg","YES"
"109","\\LSUK-SYNRACK\HomeMedia\hobbies\model building\plant displays\ranunculus\web-optimized\planning\composite-flower\plant-displays-ranunculus-planning-021.jpg","\\ukwsdev07\e$\Models4Comfort\assets\images\projects\plant-displays\ranunculus\planning\composite-flower\plant-displays-ranunculus-planning-021.jpg","ranunculus","planning","composite-flower","planning\composite-flower","plant-displays-ranunculus-planning-021.jpg","ran-planning-015.jpg","YES"
"110","\\LSUK-SYNRACK\HomeMedia\hobbies\model building\plant displays\ranunculus\web-optimized\planning\composite-flower\plant-displays-ranunculus-planning-022.jpg","\\ukwsdev07\e$\Models4Comfort\assets\images\projects\plant-displays\ranunculus\planning\composite-flower\plant-displays-ranunculus-planning-022.jpg","ranunculus","planning","composite-flower","planning\composite-flower","plant-displays-ranunculus-planning-022.jpg","ran-planning-016.jpg","YES"
"111","\\LSUK-SYNRACK\HomeMedia\hobbies\model building\plant displays\ranunculus\web-optimized\planning\composite-flower\plant-displays-ranunculus-planning-025.jpg","\\ukwsdev07\e$\Models4Comfort\assets\images\projects\plant-displays\ranunculus\planning\composite-flower\plant-displays-ranunculus-planning-025.jpg","ranunculus","planning","composite-flower","planning\composite-flower","plant-displays-ranunculus-planning-025.jpg","ran-planning-017.jpg","YES"
"112","\\LSUK-SYNRACK\HomeMedia\hobbies\model building\plant displays\ranunculus\web-optimized\planning\composite-flower\plant-displays-ranunculus-planning-031.jpg","\\ukwsdev07\e$\Models4Comfort\assets\images\projects\plant-displays\ranunculus\planning\composite-flower\plant-displays-ranunculus-planning-031.jpg","ranunculus","planning","composite-flower","planning\composite-flower","plant-displays-ranunculus-planning-031.jpg","ran-planning-018.jpg","YES"
"113","\\LSUK-SYNRACK\HomeMedia\hobbies\model building\plant displays\ranunculus\web-optimized\planning\composite-flower\plant-displays-ranunculus-planning-032.jpg","\\ukwsdev07\e$\Models4Comfort\assets\images\projects\plant-displays\ranunculus\planning\composite-flower\plant-displays-ranunculus-planning-032.jpg","ranunculus","planning","composite-flower","planning\composite-flower","plant-displays-ranunculus-planning-032.jpg","ran-planning-019.jpg","YES"
"114","\\LSUK-SYNRACK\HomeMedia\hobbies\model building\plant displays\ranunculus\web-optimized\planning\composite-flower\plant-displays-ranunculus-planning-033.jpg","\\ukwsdev07\e$\Models4Comfort\assets\images\projects\plant-displays\ranunculus\planning\composite-flower\plant-displays-ranunculus-planning-033.jpg","ranunculus","planning","composite-flower","planning\composite-flower","plant-displays-ranunculus-planning-033.jpg","ran-planning-020.jpg","YES"
"115","\\LSUK-SYNRACK\HomeMedia\hobbies\model building\plant displays\ranunculus\web-optimized\planning\composite-flower\plant-displays-ranunculus-planning-034.jpg","\\ukwsdev07\e$\Models4Comfort\assets\images\projects\plant-displays\ranunculus\planning\composite-flower\plant-displays-ranunculus-planning-034.jpg","ranunculus","planning","composite-flower","planning\composite-flower","plant-displays-ranunculus-planning-034.jpg","ran-planning-021.jpg","YES"
"116","\\LSUK-SYNRACK\HomeMedia\hobbies\model building\plant displays\ranunculus\web-optimized\planning\composite-flower\plant-displays-ranunculus-planning-037.jpg","\\ukwsdev07\e$\Models4Comfort\assets\images\projects\plant-displays\ranunculus\planning\composite-flower\plant-displays-ranunculus-planning-037.jpg","ranunculus","planning","composite-flower","planning\composite-flower","plant-displays-ranunculus-planning-037.jpg","ran-planning-022.jpg","YES"
"117","\\LSUK-SYNRACK\HomeMedia\hobbies\model building\plant displays\ranunculus\web-optimized\planning\composite-flower\plant-displays-ranunculus-planning-042.jpg","\\ukwsdev07\e$\Models4Comfort\assets\images\projects\plant-displays\ranunculus\planning\composite-flower\plant-displays-ranunculus-planning-042.jpg","ranunculus","planning","composite-flower","planning\composite-flower","plant-displays-ranunculus-planning-042.jpg","ran-planning-023.jpg","YES"
"118","\\LSUK-SYNRACK\HomeMedia\hobbies\model building\plant displays\ranunculus\web-optimized\planning\composite-flower\plant-displays-ranunculus-planning-043.jpg","\\ukwsdev07\e$\Models4Comfort\assets\images\projects\plant-displays\ranunculus\planning\composite-flower\plant-displays-ranunculus-planning-043.jpg","ranunculus","planning","composite-flower","planning\composite-flower","plant-displays-ranunculus-planning-043.jpg","ran-planning-024.jpg","YES"
"119","\\LSUK-SYNRACK\HomeMedia\hobbies\model building\plant displays\ranunculus\web-optimized\planning\leaves\plant-displays-ranunculus-planning-011.jpg","\\ukwsdev07\e$\Models4Comfort\assets\images\projects\plant-displays\ranunculus\planning\leaves\plant-displays-ranunculus-planning-011.jpg","ranunculus","planning","leaves","planning\leaves","plant-displays-ranunculus-planning-011.jpg","ran-planning-025.jpg","YES"
"120","\\LSUK-SYNRACK\HomeMedia\hobbies\model building\plant displays\ranunculus\web-optimized\planning\leaves\plant-displays-ranunculus-planning-028.jpg","\\ukwsdev07\e$\Models4Comfort\assets\images\projects\plant-displays\ranunculus\planning\leaves\plant-displays-ranunculus-planning-028.jpg","ranunculus","planning","leaves","planning\leaves","plant-displays-ranunculus-planning-028.jpg","ran-planning-026.jpg","YES"
"121","\\LSUK-SYNRACK\HomeMedia\hobbies\model building\plant displays\ranunculus\web-optimized\planning\leaves\plant-displays-ranunculus-planning-038.jpg","\\ukwsdev07\e$\Models4Comfort\assets\images\projects\plant-displays\ranunculus\planning\leaves\plant-displays-ranunculus-planning-038.jpg","ranunculus","planning","leaves","planning\leaves","plant-displays-ranunculus-planning-038.jpg","ran-planning-027.jpg","YES"
"122","\\LSUK-SYNRACK\HomeMedia\hobbies\model building\plant displays\ranunculus\web-optimized\planning\scene\plant-displays-ranunculus-planning-044.jpg","\\ukwsdev07\e$\Models4Comfort\assets\images\projects\plant-displays\ranunculus\planning\scene\plant-displays-ranunculus-planning-044.jpg","ranunculus","planning","scene","planning\scene","plant-displays-ranunculus-planning-044.jpg","ran-planning-028.jpg","YES"
"123","\\LSUK-SYNRACK\HomeMedia\hobbies\model building\plant displays\ranunculus\web-optimized\planning\templates\plant-displays-ranunculus-planning-009.jpg","\\ukwsdev07\e$\Models4Comfort\assets\images\projects\plant-displays\ranunculus\planning\templates\plant-displays-ranunculus-planning-009.jpg","ranunculus","planning","templates","planning\templates","plant-displays-ranunculus-planning-009.jpg","ran-planning-029.jpg","YES"
"124","\\LSUK-SYNRACK\HomeMedia\hobbies\model building\plant displays\ranunculus\web-optimized\planning\templates\plant-displays-ranunculus-planning-010.jpg","\\ukwsdev07\e$\Models4Comfort\assets\images\projects\plant-displays\ranunculus\planning\templates\plant-displays-ranunculus-planning-010.jpg","ranunculus","planning","templates","planning\templates","plant-displays-ranunculus-planning-010.jpg","ran-planning-030.jpg","YES"
"125","\\LSUK-SYNRACK\HomeMedia\hobbies\model building\plant displays\ranunculus\web-optimized\planning\templates\plant-displays-ranunculus-planning-012.jpg","\\ukwsdev07\e$\Models4Comfort\assets\images\projects\plant-displays\ranunculus\planning\templates\plant-displays-ranunculus-planning-012.jpg","ranunculus","planning","templates","planning\templates","plant-displays-ranunculus-planning-012.jpg","ran-planning-031.jpg","YES"
"126","\\LSUK-SYNRACK\HomeMedia\hobbies\model building\plant displays\ranunculus\web-optimized\planning\templates\plant-displays-ranunculus-planning-013.jpg","\\ukwsdev07\e$\Models4Comfort\assets\images\projects\plant-displays\ranunculus\planning\templates\plant-displays-ranunculus-planning-013.jpg","ranunculus","planning","templates","planning\templates","plant-displays-ranunculus-planning-013.jpg","ran-planning-032.jpg","YES"
"127","\\LSUK-SYNRACK\HomeMedia\hobbies\model building\plant displays\ranunculus\web-optimized\planning\templates\plant-displays-ranunculus-planning-015.jpg","\\ukwsdev07\e$\Models4Comfort\assets\images\projects\plant-displays\ranunculus\planning\templates\plant-displays-ranunculus-planning-015.jpg","ranunculus","planning","templates","planning\templates","plant-displays-ranunculus-planning-015.jpg","ran-planning-033.jpg","YES"
"128","\\LSUK-SYNRACK\HomeMedia\hobbies\model building\plant displays\ranunculus\web-optimized\planning\templates\plant-displays-ranunculus-planning-016.jpg","\\ukwsdev07\e$\Models4Comfort\assets\images\projects\plant-displays\ranunculus\planning\templates\plant-displays-ranunculus-planning-016.jpg","ranunculus","planning","templates","planning\templates","plant-displays-ranunculus-planning-016.jpg","ran-planning-034.jpg","YES"
"129","\\LSUK-SYNRACK\HomeMedia\hobbies\model building\plant displays\ranunculus\web-optimized\planning\templates\plant-displays-ranunculus-planning-017.jpg","\\ukwsdev07\e$\Models4Comfort\assets\images\projects\plant-displays\ranunculus\planning\templates\plant-displays-ranunculus-planning-017.jpg","ranunculus","planning","templates","planning\templates","plant-displays-ranunculus-planning-017.jpg","ran-planning-035.jpg","YES"
"130","\\LSUK-SYNRACK\HomeMedia\hobbies\model building\plant displays\ranunculus\web-optimized\planning\templates\plant-displays-ranunculus-planning-018.jpg","\\ukwsdev07\e$\Models4Comfort\assets\images\projects\plant-displays\ranunculus\planning\templates\plant-displays-ranunculus-planning-018.jpg","ranunculus","planning","templates","planning\templates","plant-displays-ranunculus-planning-018.jpg","ran-planning-036.jpg","YES"
"131","\\LSUK-SYNRACK\HomeMedia\hobbies\model building\plant displays\ranunculus\web-optimized\planning\templates\plant-displays-ranunculus-planning-024.jpg","\\ukwsdev07\e$\Models4Comfort\assets\images\projects\plant-displays\ranunculus\planning\templates\plant-displays-ranunculus-planning-024.jpg","ranunculus","planning","templates","planning\templates","plant-displays-ranunculus-planning-024.jpg","ran-planning-037.jpg","YES"
"132","\\LSUK-SYNRACK\HomeMedia\hobbies\model building\plant displays\ranunculus\web-optimized\planning\templates\plant-displays-ranunculus-planning-029.jpg","\\ukwsdev07\e$\Models4Comfort\assets\images\projects\plant-displays\ranunculus\planning\templates\plant-displays-ranunculus-planning-029.jpg","ranunculus","planning","templates","planning\templates","plant-displays-ranunculus-planning-029.jpg","ran-planning-038.jpg","YES"
"133","\\LSUK-SYNRACK\HomeMedia\hobbies\model building\plant displays\ranunculus\web-optimized\planning\templates\plant-displays-ranunculus-planning-030.jpg","\\ukwsdev07\e$\Models4Comfort\assets\images\projects\plant-displays\ranunculus\planning\templates\plant-displays-ranunculus-planning-030.jpg","ranunculus","planning","templates","planning\templates","plant-displays-ranunculus-planning-030.jpg","ran-planning-039.jpg","YES"
"134","\\LSUK-SYNRACK\HomeMedia\hobbies\model building\plant displays\ranunculus\web-optimized\planning\templates\plant-displays-ranunculus-planning-035.jpg","\\ukwsdev07\e$\Models4Comfort\assets\images\projects\plant-displays\ranunculus\planning\templates\plant-displays-ranunculus-planning-035.jpg","ranunculus","planning","templates","planning\templates","plant-displays-ranunculus-planning-035.jpg","ran-planning-040.jpg","YES"
"135","\\LSUK-SYNRACK\HomeMedia\hobbies\model building\plant displays\ranunculus\web-optimized\planning\templates\plant-displays-ranunculus-planning-039.jpg","\\ukwsdev07\e$\Models4Comfort\assets\images\projects\plant-displays\ranunculus\planning\templates\plant-displays-ranunculus-planning-039.jpg","ranunculus","planning","templates","planning\templates","plant-displays-ranunculus-planning-039.jpg","ran-planning-041.jpg","YES"
"136","\\LSUK-SYNRACK\HomeMedia\hobbies\model building\plant displays\ranunculus\web-optimized\planning\templates\plant-displays-ranunculus-planning-041.jpg","\\ukwsdev07\e$\Models4Comfort\assets\images\projects\plant-displays\ranunculus\planning\templates\plant-displays-ranunculus-planning-041.jpg","ranunculus","planning","templates","planning\templates","plant-displays-ranunculus-planning-041.jpg","ran-planning-042.jpg","YES"
"137","\\LSUK-SYNRACK\HomeMedia\hobbies\model building\plant displays\snowdrops\web-optimized\build\sno-build-001.jpg","\\ukwsdev07\e$\Models4Comfort\assets\images\projects\plant-displays\snowdrops\build\sno-build-001.jpg","snowdrops","build","","build","sno-build-001.jpg","sno-build-001.jpg","NO"
"138","\\LSUK-SYNRACK\HomeMedia\hobbies\model building\plant displays\snowdrops\web-optimized\build\sno-build-002.jpg","\\ukwsdev07\e$\Models4Comfort\assets\images\projects\plant-displays\snowdrops\build\sno-build-002.jpg","snowdrops","build","","build","sno-build-002.jpg","sno-build-002.jpg","NO"
"139","\\LSUK-SYNRACK\HomeMedia\hobbies\model building\plant displays\snowdrops\web-optimized\gallery\sno-gallery-001.jpg","\\ukwsdev07\e$\Models4Comfort\assets\images\projects\plant-displays\snowdrops\gallery\sno-gallery-001.jpg","snowdrops","gallery","","gallery","sno-gallery-001.jpg","sno-gallery-001.jpg","NO"
"140","\\LSUK-SYNRACK\HomeMedia\hobbies\model building\plant displays\snowdrops\web-optimized\gallery\sno-gallery-002.jpg","\\ukwsdev07\e$\Models4Comfort\assets\images\projects\plant-displays\snowdrops\gallery\sno-gallery-002.jpg","snowdrops","gallery","","gallery","sno-gallery-002.jpg","sno-gallery-002.jpg","NO"
"141","\\LSUK-SYNRACK\HomeMedia\hobbies\model building\plant displays\snowdrops\web-optimized\gallery\sno-gallery-003.jpg","\\ukwsdev07\e$\Models4Comfort\assets\images\projects\plant-displays\snowdrops\gallery\sno-gallery-003.jpg","snowdrops","gallery","","gallery","sno-gallery-003.jpg","sno-gallery-003.jpg","NO"
"142","\\LSUK-SYNRACK\HomeMedia\hobbies\model building\plant displays\snowdrops\web-optimized\gallery\sno-gallery-004.jpg","\\ukwsdev07\e$\Models4Comfort\assets\images\projects\plant-displays\snowdrops\gallery\sno-gallery-004.jpg","snowdrops","gallery","","gallery","sno-gallery-004.jpg","sno-gallery-004.jpg","NO"
"143","\\LSUK-SYNRACK\HomeMedia\hobbies\model building\plant displays\snowdrops\web-optimized\gallery\sno-gallery-005.jpg","\\ukwsdev07\e$\Models4Comfort\assets\images\projects\plant-displays\snowdrops\gallery\sno-gallery-005.jpg","snowdrops","gallery","","gallery","sno-gallery-005.jpg","sno-gallery-005.jpg","NO"
"144","\\LSUK-SYNRACK\HomeMedia\hobbies\model building\plant displays\snowdrops\web-optimized\planning\sno-planning-001.jpg","\\ukwsdev07\e$\Models4Comfort\assets\images\projects\plant-displays\snowdrops\planning\sno-planning-001.jpg","snowdrops","planning","","planning","sno-planning-001.jpg","sno-planning-001.jpg","NO"
"145","\\LSUK-SYNRACK\HomeMedia\hobbies\model building\plant displays\snowdrops\web-optimized\planning\sno-planning-002.jpg","\\ukwsdev07\e$\Models4Comfort\assets\images\projects\plant-displays\snowdrops\planning\sno-planning-002.jpg","snowdrops","planning","","planning","sno-planning-002.jpg","sno-planning-002.jpg","NO"
"146","\\LSUK-SYNRACK\HomeMedia\hobbies\model building\plant displays\snowdrops\web-optimized\planning\sno-planning-003.jpg","\\ukwsdev07\e$\Models4Comfort\assets\images\projects\plant-displays\snowdrops\planning\sno-planning-003.jpg","snowdrops","planning","","planning","sno-planning-003.jpg","sno-planning-003.jpg","NO"
"147","\\LSUK-SYNRACK\HomeMedia\hobbies\model building\plant displays\snowdrops\web-optimized\planning\sno-planning-004.jpg","\\ukwsdev07\e$\Models4Comfort\assets\images\projects\plant-displays\snowdrops\planning\sno-planning-004.jpg","snowdrops","planning","","planning","sno-planning-004.jpg","sno-planning-004.jpg","NO"
"148","\\LSUK-SYNRACK\HomeMedia\hobbies\model building\plant displays\snowdrops\web-optimized\planning\sno-planning-005.jpg","\\ukwsdev07\e$\Models4Comfort\assets\images\projects\plant-displays\snowdrops\planning\sno-planning-005.jpg","snowdrops","planning","","planning","sno-planning-005.jpg","sno-planning-005.jpg","NO"
"149","\\LSUK-SYNRACK\HomeMedia\hobbies\model building\plant displays\snowdrops\web-optimized\planning\sno-planning-006.jpg","\\ukwsdev07\e$\Models4Comfort\assets\images\projects\plant-displays\snowdrops\planning\sno-planning-006.jpg","snowdrops","planning","","planning","sno-planning-006.jpg","sno-planning-006.jpg","NO"
"150","\\LSUK-SYNRACK\HomeMedia\hobbies\model building\plant displays\snowdrops\web-optimized\planning\sno-planning-007.jpg","\\ukwsdev07\e$\Models4Comfort\assets\images\projects\plant-displays\snowdrops\planning\sno-planning-007.jpg","snowdrops","planning","","planning","sno-planning-007.jpg","sno-planning-007.jpg","NO"
"151","\\LSUK-SYNRACK\HomeMedia\hobbies\model building\plant displays\snowdrops\web-optimized\planning\sno-planning-008.jpg","\\ukwsdev07\e$\Models4Comfort\assets\images\projects\plant-displays\snowdrops\planning\sno-planning-008.jpg","snowdrops","planning","","planning","sno-planning-008.jpg","sno-planning-008.jpg","NO"
"152","\\LSUK-SYNRACK\HomeMedia\hobbies\model building\plant displays\snowdrops\web-optimized\planning\sno-planning-009.jpg","\\ukwsdev07\e$\Models4Comfort\assets\images\projects\plant-displays\snowdrops\planning\sno-planning-009.jpg","snowdrops","planning","","planning","sno-planning-009.jpg","sno-planning-009.jpg","NO"
"153","\\LSUK-SYNRACK\HomeMedia\hobbies\model building\plant displays\snowdrops\web-optimized\planning\sno-planning-010.jpg","\\ukwsdev07\e$\Models4Comfort\assets\images\projects\plant-displays\snowdrops\planning\sno-planning-010.jpg","snowdrops","planning","","planning","sno-planning-010.jpg","sno-planning-010.jpg","NO"
"154","\\LSUK-SYNRACK\HomeMedia\hobbies\model building\plant displays\snowdrops\web-optimized\planning\sno-planning-011.jpg","\\ukwsdev07\e$\Models4Comfort\assets\images\projects\plant-displays\snowdrops\planning\sno-planning-011.jpg","snowdrops","planning","","planning","sno-planning-011.jpg","sno-planning-011.jpg","NO"
"155","\\LSUK-SYNRACK\HomeMedia\hobbies\model building\plant displays\snowdrops\web-optimized\planning\sno-planning-012.jpg","\\ukwsdev07\e$\Models4Comfort\assets\images\projects\plant-displays\snowdrops\planning\sno-planning-012.jpg","snowdrops","planning","","planning","sno-planning-012.jpg","sno-planning-012.jpg","NO"
"156","\\LSUK-SYNRACK\HomeMedia\hobbies\model building\plant displays\snowdrops\web-optimized\planning\sno-planning-013.jpg","\\ukwsdev07\e$\Models4Comfort\assets\images\projects\plant-displays\snowdrops\planning\sno-planning-013.jpg","snowdrops","planning","","planning","sno-planning-013.jpg","sno-planning-013.jpg","NO"
"157","\\LSUK-SYNRACK\HomeMedia\hobbies\model building\plant displays\snowdrops\web-optimized\planning\sno-planning-014.jpg","\\ukwsdev07\e$\Models4Comfort\assets\images\projects\plant-displays\snowdrops\planning\sno-planning-014.jpg","snowdrops","planning","","planning","sno-planning-014.jpg","sno-planning-014.jpg","NO"
"158","\\LSUK-SYNRACK\HomeMedia\hobbies\model building\plant displays\snowdrops\web-optimized\planning\sno-planning-015.jpg","\\ukwsdev07\e$\Models4Comfort\assets\images\projects\plant-displays\snowdrops\planning\sno-planning-015.jpg","snowdrops","planning","","planning","sno-planning-015.jpg","sno-planning-015.jpg","NO"
"159","\\LSUK-SYNRACK\HomeMedia\hobbies\model building\plant displays\snowdrops\web-optimized\planning\sno-planning-016.jpg","\\ukwsdev07\e$\Models4Comfort\assets\images\projects\plant-displays\snowdrops\planning\sno-planning-016.jpg","snowdrops","planning","","planning","sno-planning-016.jpg","sno-planning-016.jpg","NO"
"160","\\LSUK-SYNRACK\HomeMedia\hobbies\model building\plant displays\snowdrops\web-optimized\planning\sno-planning-017.jpg","\\ukwsdev07\e$\Models4Comfort\assets\images\projects\plant-displays\snowdrops\planning\sno-planning-017.jpg","snowdrops","planning","","planning","sno-planning-017.jpg","sno-planning-017.jpg","NO"
"161","\\LSUK-SYNRACK\HomeMedia\hobbies\model building\plant displays\strelitzia\web-optimized\planning\str-planning-001.jpg","\\ukwsdev07\e$\Models4Comfort\assets\images\projects\plant-displays\strelitzia\planning\str-planning-001.jpg","strelitzia","planning","","planning","str-planning-001.jpg","str-planning-001.jpg","NO"
"162","\\LSUK-SYNRACK\HomeMedia\hobbies\model building\plant displays\strelitzia\web-optimized\planning\str-planning-002.jpg","\\ukwsdev07\e$\Models4Comfort\assets\images\projects\plant-displays\strelitzia\planning\str-planning-002.jpg","strelitzia","planning","","planning","str-planning-002.jpg","str-planning-002.jpg","NO"
"163","\\LSUK-SYNRACK\HomeMedia\hobbies\model building\plant displays\strelitzia\web-optimized\planning\str-planning-003.jpg","\\ukwsdev07\e$\Models4Comfort\assets\images\projects\plant-displays\strelitzia\planning\str-planning-003.jpg","strelitzia","planning","","planning","str-planning-003.jpg","str-planning-003.jpg","NO"
"164","\\LSUK-SYNRACK\HomeMedia\hobbies\model building\plant displays\strelitzia\web-optimized\planning\str-planning-004.jpg","\\ukwsdev07\e$\Models4Comfort\assets\images\projects\plant-displays\strelitzia\planning\str-planning-004.jpg","strelitzia","planning","","planning","str-planning-004.jpg","str-planning-004.jpg","NO"
"165","\\LSUK-SYNRACK\HomeMedia\hobbies\model building\plant displays\strelitzia\web-optimized\planning\str-planning-005.jpg","\\ukwsdev07\e$\Models4Comfort\assets\images\projects\plant-displays\strelitzia\planning\str-planning-005.jpg","strelitzia","planning","","planning","str-planning-005.jpg","str-planning-005.jpg","NO"
"166","\\LSUK-SYNRACK\HomeMedia\hobbies\model building\plant displays\strelitzia\web-optimized\planning\str-planning-006.jpg","\\ukwsdev07\e$\Models4Comfort\assets\images\projects\plant-displays\strelitzia\planning\str-planning-006.jpg","strelitzia","planning","","planning","str-planning-006.jpg","str-planning-006.jpg","NO"
"167","\\LSUK-SYNRACK\HomeMedia\hobbies\model building\plant displays\strelitzia\web-optimized\planning\str-planning-007.jpg","\\ukwsdev07\e$\Models4Comfort\assets\images\projects\plant-displays\strelitzia\planning\str-planning-007.jpg","strelitzia","planning","","planning","str-planning-007.jpg","str-planning-007.jpg","NO"
