"FullPath","PlantName","Category","FileName","Hash"
"\\LSUK-SYNRACK\HomeMedia\hobbies\model building\plant displays\Bluebells\web-optimized\build\blu-build-001.jpg","Bluebells","build","blu-build-001.jpg","311CB35744AD425CDA63D45C688DE2DF"
"\\LSUK-SYNRACK\HomeMedia\hobbies\model building\plant displays\Bluebells\web-optimized\build\blu-build-002.jpg","Bluebells","build","blu-build-002.jpg","63ECC499282DCF0A00BF23D9CB46BD9B"
"\\LSUK-SYNRACK\HomeMedia\hobbies\model building\plant displays\Bluebells\web-optimized\build\blu-build-003.jpg","Bluebells","build","blu-build-003.jpg","DBD2FF9E8DCC4F43DCCC0F6EC6E30573"
"\\LSUK-SYNRACK\HomeMedia\hobbies\model building\plant displays\Bluebells\web-optimized\build\blu-build-004.jpg","Bluebells","build","blu-build-004.jpg","EA3A75F634A94AB6EFE60F67272D261C"
"\\LSUK-SYNRACK\HomeMedia\hobbies\model building\plant displays\Bluebells\web-optimized\build\blu-build-005.jpg","Bluebells","build","blu-build-005.jpg","6CCB69DB564DB878A5E3869C37C31AD0"
"\\LSUK-SYNRACK\HomeMedia\hobbies\model building\plant displays\Bluebells\web-optimized\planning\blu-planning-001.jpg","Bluebells","planning","blu-planning-001.jpg","63A21A0A1349D0967F591643334EB7F2"
"\\LSUK-SYNRACK\HomeMedia\hobbies\model building\plant displays\Bluebells\web-optimized\planning\blu-planning-002.jpg","Bluebells","planning","blu-planning-002.jpg","FB925EA6D628D9A845393FBE2D706A80"
"\\LSUK-SYNRACK\HomeMedia\hobbies\model building\plant displays\Bluebells\web-optimized\planning\blu-planning-003.jpg","Bluebells","planning","blu-planning-003.jpg","9CB578915D4F0B959910FFE2C6D7A21B"
"\\LSUK-SYNRACK\HomeMedia\hobbies\model building\plant displays\Bluebells\web-optimized\planning\blu-planning-004.jpg","Bluebells","planning","blu-planning-004.jpg","75534C2EF2006C8190C1581052161198"
"\\LSUK-SYNRACK\HomeMedia\hobbies\model building\plant displays\Bluebells\web-optimized\planning\blu-planning-005.jpg","Bluebells","planning","blu-planning-005.jpg","15FFF2E12F123F49FB5BD80FD8027701"
"\\LSUK-SYNRACK\HomeMedia\hobbies\model building\plant displays\Bluebells\web-optimized\planning\blu-planning-006.jpg","Bluebells","planning","blu-planning-006.jpg","708EC9C66324B52A407687B8F7246B68"
"\\LSUK-SYNRACK\HomeMedia\hobbies\model building\plant displays\Bluebells\web-optimized\planning\blu-planning-007.jpg","Bluebells","planning","blu-planning-007.jpg","6806D2DD0515A8A1729517F219F234C9"
"\\LSUK-SYNRACK\HomeMedia\hobbies\model building\plant displays\Bluebells\web-optimized\planning\bulbs\blu-planning-008.jpg","Bluebells","planning","blu-planning-008.jpg","B23E8A12FD10345E7607AF5D5B3C5464"
"\\LSUK-SYNRACK\HomeMedia\hobbies\model building\plant displays\Bluebells\web-optimized\planning\English-Bluebell\blu-planning-009.jpg","Bluebells","planning","blu-planning-009.jpg","BF20AC02945B5C1BB527B264629BB587"
"\\LSUK-SYNRACK\HomeMedia\hobbies\model building\plant displays\Bluebells\web-optimized\planning\English-Bluebell\blu-planning-010.jpg","Bluebells","planning","blu-planning-010.jpg","A362DEE814C11ADE126A9AD932552D13"
"\\LSUK-SYNRACK\HomeMedia\hobbies\model building\plant displays\Bluebells\web-optimized\planning\English-Bluebell\blu-planning-011.jpg","Bluebells","planning","blu-planning-011.jpg","4F82B2ACFB51776AA2B44C5D8B112D69"
"\\LSUK-SYNRACK\HomeMedia\hobbies\model building\plant displays\Bluebells\web-optimized\planning\English-Bluebell\blu-planning-012.jpg","Bluebells","planning","blu-planning-012.jpg","3E05CDDF8C488D6EBBDAE39700AD611A"
"\\LSUK-SYNRACK\HomeMedia\hobbies\model building\plant displays\Bluebells\web-optimized\planning\English-Bluebell\blu-planning-013.jpg","Bluebells","planning","blu-planning-013.jpg","842C382C554B19FD689ED4109338DA34"
"\\LSUK-SYNRACK\HomeMedia\hobbies\model building\plant displays\Bluebells\web-optimized\planning\muscari\blu-planning-014.jpg","Bluebells","planning","blu-planning-014.jpg","E62803D8B5EE0D540C674878A8508C6C"
"\\LSUK-SYNRACK\HomeMedia\hobbies\model building\plant displays\Bluebells\web-optimized\planning\muscari\blu-planning-015.jpg","Bluebells","planning","blu-planning-015.jpg","39AC06745D0BE6CF6F3C4EA9E2E3F0A3"
"\\LSUK-SYNRACK\HomeMedia\hobbies\model building\plant displays\Bluebells\web-optimized\planning\muscari\blu-planning-016.jpg","Bluebells","planning","blu-planning-016.jpg","A7F29A4468F870FBF5DF94FE70737D0C"
"\\LSUK-SYNRACK\HomeMedia\hobbies\model building\plant displays\Bluebells\web-optimized\planning\scenery\blu-planning-017.jpg","Bluebells","planning","blu-planning-017.jpg","748758E8690A155F04C3C80CA02DB90D"
"\\LSUK-SYNRACK\HomeMedia\hobbies\model building\plant displays\Bluebells\web-optimized\planning\scenery\blu-planning-018.jpg","Bluebells","planning","blu-planning-018.jpg","4955BBFB7460C3FA42406AD7A160AF1A"
"\\LSUK-SYNRACK\HomeMedia\hobbies\model building\plant displays\Bluebells\web-optimized\planning\scenery\blu-planning-019.jpg","Bluebells","planning","blu-planning-019.jpg","2E55FD62F9DDB923ECA2EC342F5031C5"
"\\LSUK-SYNRACK\HomeMedia\hobbies\model building\plant displays\Bluebells\web-optimized\planning\scenery\blu-planning-020.jpg","Bluebells","planning","blu-planning-020.jpg","842E89F12AA045B4B8D4D92A414C22D7"
"\\LSUK-SYNRACK\HomeMedia\hobbies\model building\plant displays\Bluebells\web-optimized\planning\scenery\blu-planning-021.jpg","Bluebells","planning","blu-planning-021.jpg","04A0F3075B19AB2C9F2DF4F17FEF391F"
"\\LSUK-SYNRACK\HomeMedia\hobbies\model building\plant displays\Bluebells\web-optimized\planning\scenery\blu-planning-022.jpg","Bluebells","planning","blu-planning-022.jpg","12AE072A2CADE1EF983CF35C51177B2C"
"\\LSUK-SYNRACK\HomeMedia\hobbies\model building\plant displays\Bluebells\web-optimized\planning\scenery\blu-planning-023.jpg","Bluebells","planning","blu-planning-023.jpg","EC1619436D7DED96961ED7F7C24142E0"
"\\LSUK-SYNRACK\HomeMedia\hobbies\model building\plant displays\Bluebells\web-optimized\planning\Spannish-bluebell\blu-planning-024.jpg","Bluebells","planning","blu-planning-024.jpg","A2D8D4640F26473A9DFF79E2985D06C2"
"\\LSUK-SYNRACK\HomeMedia\hobbies\model building\plant displays\Bluebells\web-optimized\planning\Spannish-bluebell\blu-planning-025.jpg","Bluebells","planning","blu-planning-025.jpg","B2F69CF284337CD35EB42A01EB1FA7BF"
"\\LSUK-SYNRACK\HomeMedia\hobbies\model building\plant displays\Bluebells\web-optimized\planning\Spannish-bluebell\blu-planning-026.jpg","Bluebells","planning","blu-planning-026.jpg","643E12A2EA07CD9A862B5260ADB49381"
"\\LSUK-SYNRACK\HomeMedia\hobbies\model building\plant displays\Bluebells\web-optimized\planning\Spannish-bluebell\blu-planning-027.jpg","Bluebells","planning","blu-planning-027.jpg","7F3923F6A9D34EE5863F46AC58D64AE3"
"\\LSUK-SYNRACK\HomeMedia\hobbies\model building\plant displays\Bluebells\web-optimized\planning\Spannish-bluebell\blu-planning-028.jpg","Bluebells","planning","blu-planning-028.jpg","E70695B9ACBB399E9D15F523F4C10580"
"\\LSUK-SYNRACK\HomeMedia\hobbies\model building\plant displays\Bluebells\web-optimized\planning\Spannish-bluebell\blu-planning-029.jpg","Bluebells","planning","blu-planning-029.jpg","E57BA8EEAEB1FD44C93C4F59E2FCC591"
"\\LSUK-SYNRACK\HomeMedia\hobbies\model building\plant displays\Bluebells\web-optimized\planning\Spannish-bluebell\blu-planning-030.jpg","Bluebells","planning","blu-planning-030.jpg","6C469D9DE7E792F5EBA1F890BAA3E9A3"
"\\LSUK-SYNRACK\HomeMedia\hobbies\model building\plant displays\Bluebells\web-optimized\planning\Spannish-bluebell\blu-planning-031.jpg","Bluebells","planning","blu-planning-031.jpg","FFB3112697B80A6007B18B5EC9582526"
"\\LSUK-SYNRACK\HomeMedia\hobbies\model building\plant displays\Daffoldil\web-optimized\build\daf-build-001.jpg","Daffoldil","build","daf-build-001.jpg","65136177E9A470F239060776767298F5"
"\\LSUK-SYNRACK\HomeMedia\hobbies\model building\plant displays\Daffoldil\web-optimized\build\daf-build-002.jpg","Daffoldil","build","daf-build-002.jpg","C43726BD4593BCC9EE5ACB8E5166408A"
"\\LSUK-SYNRACK\HomeMedia\hobbies\model building\plant displays\Daffoldil\web-optimized\build\daf-build-003.jpg","Daffoldil","build","daf-build-003.jpg","7177546D5974987882C80E6479CBD238"
"\\LSUK-SYNRACK\HomeMedia\hobbies\model building\plant displays\Daffoldil\web-optimized\build\daf-build-004.jpg","Daffoldil","build","daf-build-004.jpg","472656D8F8043F7042CD74C4ED38DEF0"
"\\LSUK-SYNRACK\HomeMedia\hobbies\model building\plant displays\Daffoldil\web-optimized\build\daf-build-005.jpg","Daffoldil","build","daf-build-005.jpg","D18775456FBD3C35F4BA24EF49C6417F"
"\\LSUK-SYNRACK\HomeMedia\hobbies\model building\plant displays\Daffoldil\web-optimized\build\daf-build-006.jpg","Daffoldil","build","daf-build-006.jpg","58710573957300551CAE2639B88D964B"
"\\LSUK-SYNRACK\HomeMedia\hobbies\model building\plant displays\Daffoldil\web-optimized\gallery\daf-gallery-001.jpg","Daffoldil","gallery","daf-gallery-001.jpg","09F09D71065C78CFB716096161D1DD52"
"\\LSUK-SYNRACK\HomeMedia\hobbies\model building\plant displays\Daffoldil\web-optimized\planning\daf-planning-002.jpg","Daffoldil","planning","daf-planning-002.jpg","697D9BBEA04FC754D2D3A4B66DA8A6D7"
"\\LSUK-SYNRACK\HomeMedia\hobbies\model building\plant displays\Daffoldil\web-optimized\planning\daf-planning-003.jpg","Daffoldil","planning","daf-planning-003.jpg","4E935AA1C9E7B79092DAC517E7B999CC"
"\\LSUK-SYNRACK\HomeMedia\hobbies\model building\plant displays\Daffoldil\web-optimized\planning\daf-planning-004.jpg","Daffoldil","planning","daf-planning-004.jpg","34B159342E530DB092CDF13D25CE0C88"
"\\LSUK-SYNRACK\HomeMedia\hobbies\model building\plant displays\Daffoldil\web-optimized\planning\daf-planning-005.jpg","Daffoldil","planning","daf-planning-005.jpg","2794F33BA1E44C3C8BA27BAC9CCAE3D7"
"\\LSUK-SYNRACK\HomeMedia\hobbies\model building\plant displays\Daffoldil\web-optimized\planning\daf-planning-006.jpg","Daffoldil","planning","daf-planning-006.jpg","629A2AF8CAA8FC1D0C07AAEBD295CA9D"
"\\LSUK-SYNRACK\HomeMedia\hobbies\model building\plant displays\Daffoldil\web-optimized\planning\daf-planning-007.jpg","Daffoldil","planning","daf-planning-007.jpg","4DA52C206E2A2E72D62B7740DEA28B0A"
"\\LSUK-SYNRACK\HomeMedia\hobbies\model building\plant displays\Daffoldil\web-optimized\planning\bulbs\daf-planning-001.jpg","Daffoldil","planning","daf-planning-001.jpg","B5EFEF26120AB9E1D791752CEA550977"
"\\LSUK-SYNRACK\HomeMedia\hobbies\model building\plant displays\Daffoldil\web-optimized\planning\flowers\daf-planning-008.jpg","Daffoldil","planning","daf-planning-008.jpg","403DDAB9C6AFB3CBCA48022EDE673BD8"
"\\LSUK-SYNRACK\HomeMedia\hobbies\model building\plant displays\Daffoldil\web-optimized\planning\flowers\daf-planning-009.jpg","Daffoldil","planning","daf-planning-009.jpg","6479DC853F5652C3566B2BEBF4D1F951"
"\\LSUK-SYNRACK\HomeMedia\hobbies\model building\plant displays\Daffoldil\web-optimized\planning\flowers\daf-planning-010.jpg","Daffoldil","planning","daf-planning-010.jpg","D4ADB78851634A80205E1AECF5C37BF7"
"\\LSUK-SYNRACK\HomeMedia\hobbies\model building\plant displays\Daffoldil\web-optimized\planning\flowers\daf-planning-011.jpg","Daffoldil","planning","daf-planning-011.jpg","CC0DB9BEFD3B1A504D0DFCC827A3CE1A"
"\\LSUK-SYNRACK\HomeMedia\hobbies\model building\plant displays\Daffoldil\web-optimized\planning\flowers\daf-planning-012.jpg","Daffoldil","planning","daf-planning-012.jpg","2FA33B75A65F02970957CF144D54120A"
"\\LSUK-SYNRACK\HomeMedia\hobbies\model building\plant displays\Daffoldil\web-optimized\planning\flowers\daf-planning-013.jpg","Daffoldil","planning","daf-planning-013.jpg","15F789C88D441546D61F972E309342F5"
"\\LSUK-SYNRACK\HomeMedia\hobbies\model building\plant displays\Daffoldil\web-optimized\planning\flowers\daf-planning-014.jpg","Daffoldil","planning","daf-planning-014.jpg","9860DF49FE6E2F26939ADBA096324E2D"
"\\LSUK-SYNRACK\HomeMedia\hobbies\model building\plant displays\Daffoldil\web-optimized\planning\flowers\daf-planning-015.jpg","Daffoldil","planning","daf-planning-015.jpg","BF03F00D25D448849DFD2A4B449911CB"
"\\LSUK-SYNRACK\HomeMedia\hobbies\model building\plant displays\Daffoldil\web-optimized\planning\flowers\daf-planning-016.jpg","Daffoldil","planning","daf-planning-016.jpg","896DD6463F5D0831A352752B779EA8F0"
"\\LSUK-SYNRACK\HomeMedia\hobbies\model building\plant displays\Daffoldil\web-optimized\planning\flowers\daf-planning-017.jpg","Daffoldil","planning","daf-planning-017.jpg","5C1578C608C8A1C78F09C2E963A863B7"
"\\LSUK-SYNRACK\HomeMedia\hobbies\model building\plant displays\Daffoldil\web-optimized\planning\flowers\daf-planning-018.jpg","Daffoldil","planning","daf-planning-018.jpg","099D7CAE3134489972E7EBB16D5EC4AE"
"\\LSUK-SYNRACK\HomeMedia\hobbies\model building\plant displays\Daffoldil\web-optimized\planning\flowers\daf-planning-019.jpg","Daffoldil","planning","daf-planning-019.jpg","F87134C84E69350DF95D1D5F1B7D4B5E"
"\\LSUK-SYNRACK\HomeMedia\hobbies\model building\plant displays\Daffoldil\web-optimized\planning\scenes\daf-planning-020.jpg","Daffoldil","planning","daf-planning-020.jpg","160D93F5CE152D45D8C3C70FFEF496D1"
"\\LSUK-SYNRACK\HomeMedia\hobbies\model building\plant displays\Daffoldil\web-optimized\planning\scenes\daf-planning-021.jpg","Daffoldil","planning","daf-planning-021.jpg","DB7E3451EBCA467C92A608CBEADE94FB"
"\\LSUK-SYNRACK\HomeMedia\hobbies\model building\plant displays\Daffoldil\web-optimized\planning\scenes\daf-planning-022.jpg","Daffoldil","planning","daf-planning-022.jpg","1988948281E5DE714F6A028090DC0A0E"
"\\LSUK-SYNRACK\HomeMedia\hobbies\model building\plant displays\Daffoldil\web-optimized\planning\templates\daf-planning-023.jpg","Daffoldil","planning","daf-planning-023.jpg","81870D44DBF7BA190A939CCA63FABC40"
"\\LSUK-SYNRACK\HomeMedia\hobbies\model building\plant displays\Daffoldil\web-optimized\planning\templates\daf-planning-024.jpg","Daffoldil","planning","daf-planning-024.jpg","FCF0F3AF56B9E4028D44B97FB3010EC6"
"\\LSUK-SYNRACK\HomeMedia\hobbies\model building\plant displays\Daffoldil\web-optimized\planning\templates\daf-planning-025.jpg","Daffoldil","planning","daf-planning-025.jpg","CEA9C45BCF28704C69F3E6729AC24E65"
"\\LSUK-SYNRACK\HomeMedia\hobbies\model building\plant displays\Hibiscus\web-optimized\planning\hib-planning-001.jpg","Hibiscus","planning","hib-planning-001.jpg","2C578D302134958BA2965DA4FC656B85"
"\\LSUK-SYNRACK\HomeMedia\hobbies\model building\plant displays\Hibiscus\web-optimized\planning\hib-planning-002.jpg","Hibiscus","planning","hib-planning-002.jpg","8CBE8944131E185E4D48F25D44D62A70"
"\\LSUK-SYNRACK\HomeMedia\hobbies\model building\plant displays\Hibiscus\web-optimized\planning\hib-planning-003.jpg","Hibiscus","planning","hib-planning-003.jpg","A190715DF7BFAE8779260696C56A1E6C"
"\\LSUK-SYNRACK\HomeMedia\hobbies\model building\plant displays\Hibiscus\web-optimized\planning\hib-planning-004.jpg","Hibiscus","planning","hib-planning-004.jpg","338079537D14C70994C499D54F109513"
"\\LSUK-SYNRACK\HomeMedia\hobbies\model building\plant displays\Hibiscus\web-optimized\planning\hib-planning-005.jpg","Hibiscus","planning","hib-planning-005.jpg","915A6A1CC2ED115EAAA64D34009C1356"
"\\LSUK-SYNRACK\HomeMedia\hobbies\model building\plant displays\Hibiscus\web-optimized\planning\hib-planning-006.jpg","Hibiscus","planning","hib-planning-006.jpg","EDAAA2E5C7B1752A48CF878097275D12"
"\\LSUK-SYNRACK\HomeMedia\hobbies\model building\plant displays\Protea\web-optimized\planning\pro-planning-001.jpg","Protea","planning","pro-planning-001.jpg","5850E5AEC159BD9E44FCF88108BD558C"
"\\LSUK-SYNRACK\HomeMedia\hobbies\model building\plant displays\Protea\web-optimized\planning\pro-planning-002.jpg","Protea","planning","pro-planning-002.jpg","113796562F58CAAC4876B1C2C77AD4C2"
"\\LSUK-SYNRACK\HomeMedia\hobbies\model building\plant displays\Protea\web-optimized\planning\pro-planning-003.jpg","Protea","planning","pro-planning-003.jpg","4531C78541C309FDB1CA881E66B7BBFA"
"\\LSUK-SYNRACK\HomeMedia\hobbies\model building\plant displays\Protea\web-optimized\planning\pro-planning-004.jpg","Protea","planning","pro-planning-004.jpg","37B638A3C954E2E492D8D81E250EED24"
"\\LSUK-SYNRACK\HomeMedia\hobbies\model building\plant displays\ranunculus\web-optimized\build\ran-build-001.jpg","ranunculus","build","ran-build-001.jpg","8CC38330B025589C0B2D1F0826DF4C4C"
"\\LSUK-SYNRACK\HomeMedia\hobbies\model building\plant displays\ranunculus\web-optimized\build\ran-build-002.jpg","ranunculus","build","ran-build-002.jpg","F152E7CE47B5F6A7C306B78D8B6EDD5E"
"\\LSUK-SYNRACK\HomeMedia\hobbies\model building\plant displays\ranunculus\web-optimized\build\ran-build-003.jpg","ranunculus","build","ran-build-003.jpg","B7C52211ED3F27AED0260EBFBEA7E5D2"
"\\LSUK-SYNRACK\HomeMedia\hobbies\model building\plant displays\ranunculus\web-optimized\gallery\plant-displays-ranunculus-planning-027.jpg","ranunculus","gallery","plant-displays-ranunculus-planning-027.jpg","9B02CAFA9C3447B77556F73B8970F717"
"\\LSUK-SYNRACK\HomeMedia\hobbies\model building\plant displays\ranunculus\web-optimized\gallery\ran-gallery-001.jpg","ranunculus","gallery","ran-gallery-001.jpg","8AEEE7198E727FB4BA366F74858E2B84"
"\\LSUK-SYNRACK\HomeMedia\hobbies\model building\plant displays\ranunculus\web-optimized\gallery\ran-gallery-002.jpg","ranunculus","gallery","ran-gallery-002.jpg","4F02638AB3F509014DF8CBA11E8CE5FE"
"\\LSUK-SYNRACK\HomeMedia\hobbies\model building\plant displays\ranunculus\web-optimized\gallery\ran-gallery-003.jpg","ranunculus","gallery","ran-gallery-003.jpg","395D4B6F0BF0559E4C898AAC511C473D"
"\\LSUK-SYNRACK\HomeMedia\hobbies\model building\plant displays\ranunculus\web-optimized\gallery\ran-gallery-004.jpg","ranunculus","gallery","ran-gallery-004.jpg","CBC3FE2F980A51C4A4C55E55E0853AE8"
"\\LSUK-SYNRACK\HomeMedia\hobbies\model building\plant displays\ranunculus\web-optimized\gallery\ran-gallery-005.jpg","ranunculus","gallery","ran-gallery-005.jpg","751E84D8EDBD5AE1D1AC363C8D2D7D69"
"\\LSUK-SYNRACK\HomeMedia\hobbies\model building\plant displays\ranunculus\web-optimized\gallery\ran-gallery-006.jpg","ranunculus","gallery","ran-gallery-006.jpg","DD15B6CAD0030DDC133C9343060AFC0C"
"\\LSUK-SYNRACK\HomeMedia\hobbies\model building\plant displays\ranunculus\web-optimized\gallery\ran-gallery-007.jpg","ranunculus","gallery","ran-gallery-007.jpg","4F51CA6FD2753404E9427B27A326D7B8"
"\\LSUK-SYNRACK\HomeMedia\hobbies\model building\plant displays\ranunculus\web-optimized\gallery\ran-gallery-008.jpg","ranunculus","gallery","ran-gallery-008.jpg","9F7D4E84C4DAC6897BF1CFDE3896DD72"
"\\LSUK-SYNRACK\HomeMedia\hobbies\model building\plant displays\ranunculus\web-optimized\gallery\ran-gallery-009.jpg","ranunculus","gallery","ran-gallery-009.jpg","380471510FEFF98AA098C306A87DD100"
"\\LSUK-SYNRACK\HomeMedia\hobbies\model building\plant displays\ranunculus\web-optimized\gallery\ran-gallery-010.jpg","ranunculus","gallery","ran-gallery-010.jpg","8B9E5294F68AD670DFD162AAD2497E2E"
"\\LSUK-SYNRACK\HomeMedia\hobbies\model building\plant displays\ranunculus\web-optimized\gallery\ran-gallery-011.jpg","ranunculus","gallery","ran-gallery-011.jpg","9D54B7448732EDE0D62F3D97A30F6DB8"
"\\LSUK-SYNRACK\HomeMedia\hobbies\model building\plant displays\ranunculus\web-optimized\gallery\ran-gallery-013.jpg","ranunculus","gallery","ran-gallery-013.jpg","8C5A3BEB0851D098BD5FE3628ED6380C"
"\\LSUK-SYNRACK\HomeMedia\hobbies\model building\plant displays\ranunculus\web-optimized\planning\buttercup-flower\ran-planning-001.jpg","ranunculus","planning","ran-planning-001.jpg","6937C2869107FAE18CB60C8E6B2C4C8B"
"\\LSUK-SYNRACK\HomeMedia\hobbies\model building\plant displays\ranunculus\web-optimized\planning\buttercup-flower\ran-planning-002.jpg","ranunculus","planning","ran-planning-002.jpg","F21104656CB2E65ADC314199E82CC8D4"
"\\LSUK-SYNRACK\HomeMedia\hobbies\model building\plant displays\ranunculus\web-optimized\planning\buttercup-flower\ran-planning-003.jpg","ranunculus","planning","ran-planning-003.jpg","2AA00C50F7C5620BC7115C803F32B9AC"
"\\LSUK-SYNRACK\HomeMedia\hobbies\model building\plant displays\ranunculus\web-optimized\planning\buttercup-flower\ran-planning-004.jpg","ranunculus","planning","ran-planning-004.jpg","7DA2AE98669061E612C72D2302938F1B"
"\\LSUK-SYNRACK\HomeMedia\hobbies\model building\plant displays\ranunculus\web-optimized\planning\buttercup-flower\ran-planning-005.jpg","ranunculus","planning","ran-planning-005.jpg","393E666F230CF4F0AB11045E5DFC4EAB"
"\\LSUK-SYNRACK\HomeMedia\hobbies\model building\plant displays\ranunculus\web-optimized\planning\buttercup-flower\ran-planning-006.jpg","ranunculus","planning","ran-planning-006.jpg","F9878D5828357F5B86A1E2E2043CB6A1"
"\\LSUK-SYNRACK\HomeMedia\hobbies\model building\plant displays\ranunculus\web-optimized\planning\buttercup-flower\ran-planning-007.jpg","ranunculus","planning","ran-planning-007.jpg","A157A4EA994B739A31891BF0A4DA3885"
"\\LSUK-SYNRACK\HomeMedia\hobbies\model building\plant displays\ranunculus\web-optimized\planning\buttercup-flower\ran-planning-008.jpg","ranunculus","planning","ran-planning-008.jpg","FEEC35D8AECC0C359E305EEB60ECF96D"
"\\LSUK-SYNRACK\HomeMedia\hobbies\model building\plant displays\ranunculus\web-optimized\planning\buttercup-flower\ran-planning-009.jpg","ranunculus","planning","ran-planning-009.jpg","AA3D401B58664F33DA3F73C0C0934284"
"\\LSUK-SYNRACK\HomeMedia\hobbies\model building\plant displays\ranunculus\web-optimized\planning\composite-flower\ran-planning-010.jpg","ranunculus","planning","ran-planning-010.jpg","4CABC30DB8E853058E79BD110C3678DB"
"\\LSUK-SYNRACK\HomeMedia\hobbies\model building\plant displays\ranunculus\web-optimized\planning\composite-flower\ran-planning-011.jpg","ranunculus","planning","ran-planning-011.jpg","0AA85BBD6A88B88F86B80038D4D29FE5"
"\\LSUK-SYNRACK\HomeMedia\hobbies\model building\plant displays\ranunculus\web-optimized\planning\composite-flower\ran-planning-012.jpg","ranunculus","planning","ran-planning-012.jpg","E0CF3B2CB0212C5B201D9C597C2CCF3B"
"\\LSUK-SYNRACK\HomeMedia\hobbies\model building\plant displays\ranunculus\web-optimized\planning\composite-flower\ran-planning-013.jpg","ranunculus","planning","ran-planning-013.jpg","566A32387C3AE02A1424C817A281C0C9"
"\\LSUK-SYNRACK\HomeMedia\hobbies\model building\plant displays\ranunculus\web-optimized\planning\composite-flower\ran-planning-014.jpg","ranunculus","planning","ran-planning-014.jpg","4FF98B44D6F32A1F4B2B6D47FA9269E2"
"\\LSUK-SYNRACK\HomeMedia\hobbies\model building\plant displays\ranunculus\web-optimized\planning\composite-flower\ran-planning-015.jpg","ranunculus","planning","ran-planning-015.jpg","8E68BA79C52775BC68DEFB6BE1991947"
"\\LSUK-SYNRACK\HomeMedia\hobbies\model building\plant displays\ranunculus\web-optimized\planning\composite-flower\ran-planning-016.jpg","ranunculus","planning","ran-planning-016.jpg","C3FBAA6151CAEA15A898097B49650896"
"\\LSUK-SYNRACK\HomeMedia\hobbies\model building\plant displays\ranunculus\web-optimized\planning\composite-flower\ran-planning-017.jpg","ranunculus","planning","ran-planning-017.jpg","C4D7E2DAB722B5950D0609A03E2B7321"
"\\LSUK-SYNRACK\HomeMedia\hobbies\model building\plant displays\ranunculus\web-optimized\planning\composite-flower\ran-planning-018.jpg","ranunculus","planning","ran-planning-018.jpg","605803DEAEC42FAED760B324BDC6B583"
"\\LSUK-SYNRACK\HomeMedia\hobbies\model building\plant displays\ranunculus\web-optimized\planning\composite-flower\ran-planning-019.jpg","ranunculus","planning","ran-planning-019.jpg","CAF424EC9BE016CE2EF70239DD3AA2C1"
"\\LSUK-SYNRACK\HomeMedia\hobbies\model building\plant displays\ranunculus\web-optimized\planning\composite-flower\ran-planning-020.jpg","ranunculus","planning","ran-planning-020.jpg","80B674CBCC5690CE7B70E87C46ADBAD4"
"\\LSUK-SYNRACK\HomeMedia\hobbies\model building\plant displays\ranunculus\web-optimized\planning\composite-flower\ran-planning-021.jpg","ranunculus","planning","ran-planning-021.jpg","CBC4AA5ACFE7D41D928394C8871941CA"
"\\LSUK-SYNRACK\HomeMedia\hobbies\model building\plant displays\ranunculus\web-optimized\planning\composite-flower\ran-planning-022.jpg","ranunculus","planning","ran-planning-022.jpg","57480F7818DA8EC125566883A6388EE4"
"\\LSUK-SYNRACK\HomeMedia\hobbies\model building\plant displays\ranunculus\web-optimized\planning\composite-flower\ran-planning-023.jpg","ranunculus","planning","ran-planning-023.jpg","5DB31D6D86B16797270DBE93BBDA3B17"
"\\LSUK-SYNRACK\HomeMedia\hobbies\model building\plant displays\ranunculus\web-optimized\planning\composite-flower\ran-planning-024.jpg","ranunculus","planning","ran-planning-024.jpg","EA2BCB2B73314CFEF215426198BDAF90"
"\\LSUK-SYNRACK\HomeMedia\hobbies\model building\plant displays\ranunculus\web-optimized\planning\leaves\ran-planning-025.jpg","ranunculus","planning","ran-planning-025.jpg","8A30AD32E85D2E267CE84BE11D0DDF94"
"\\LSUK-SYNRACK\HomeMedia\hobbies\model building\plant displays\ranunculus\web-optimized\planning\leaves\ran-planning-026.jpg","ranunculus","planning","ran-planning-026.jpg","F24E6F28CE0326612AD2E438E2506566"
"\\LSUK-SYNRACK\HomeMedia\hobbies\model building\plant displays\ranunculus\web-optimized\planning\leaves\ran-planning-027.jpg","ranunculus","planning","ran-planning-027.jpg","BFD14F39C96F2FE23646C563EED70627"
"\\LSUK-SYNRACK\HomeMedia\hobbies\model building\plant displays\ranunculus\web-optimized\planning\scene\ran-planning-028.jpg","ranunculus","planning","ran-planning-028.jpg","FE2A3269C3AC43DF426D296973C558F7"
"\\LSUK-SYNRACK\HomeMedia\hobbies\model building\plant displays\ranunculus\web-optimized\planning\templates\ran-planning-029.jpg","ranunculus","planning","ran-planning-029.jpg","C777865ED6BCC9B09BE470B10F310707"
"\\LSUK-SYNRACK\HomeMedia\hobbies\model building\plant displays\ranunculus\web-optimized\planning\templates\ran-planning-030.jpg","ranunculus","planning","ran-planning-030.jpg","6C488580F30B84898D493B1177653B43"
"\\LSUK-SYNRACK\HomeMedia\hobbies\model building\plant displays\ranunculus\web-optimized\planning\templates\ran-planning-031.jpg","ranunculus","planning","ran-planning-031.jpg","18AAC33D76668FB84982073C812F7E1E"
"\\LSUK-SYNRACK\HomeMedia\hobbies\model building\plant displays\ranunculus\web-optimized\planning\templates\ran-planning-032.jpg","ranunculus","planning","ran-planning-032.jpg","E41B89AEA32ED03ACBA29DA9A81307DD"
"\\LSUK-SYNRACK\HomeMedia\hobbies\model building\plant displays\ranunculus\web-optimized\planning\templates\ran-planning-033.jpg","ranunculus","planning","ran-planning-033.jpg","56F28F975C333E32F8A67CDA9646D928"
"\\LSUK-SYNRACK\HomeMedia\hobbies\model building\plant displays\ranunculus\web-optimized\planning\templates\ran-planning-034.jpg","ranunculus","planning","ran-planning-034.jpg","0C2091873B23A910C96E1FB61C503EA3"
"\\LSUK-SYNRACK\HomeMedia\hobbies\model building\plant displays\ranunculus\web-optimized\planning\templates\ran-planning-035.jpg","ranunculus","planning","ran-planning-035.jpg","8D677BB8117D2116F2C1866BD7CEB2A4"
"\\LSUK-SYNRACK\HomeMedia\hobbies\model building\plant displays\ranunculus\web-optimized\planning\templates\ran-planning-036.jpg","ranunculus","planning","ran-planning-036.jpg","24B23CCACB4EFBD196A5813C38EEE02F"
"\\LSUK-SYNRACK\HomeMedia\hobbies\model building\plant displays\ranunculus\web-optimized\planning\templates\ran-planning-037.jpg","ranunculus","planning","ran-planning-037.jpg","1CA2DD65B34B176D530C6E6E819A824D"
"\\LSUK-SYNRACK\HomeMedia\hobbies\model building\plant displays\ranunculus\web-optimized\planning\templates\ran-planning-038.jpg","ranunculus","planning","ran-planning-038.jpg","D0405D58F8CCB7B259EC1A588A8ABEA2"
"\\LSUK-SYNRACK\HomeMedia\hobbies\model building\plant displays\ranunculus\web-optimized\planning\templates\ran-planning-039.jpg","ranunculus","planning","ran-planning-039.jpg","0EE261EFB00F29FF814373D8F82327CE"
"\\LSUK-SYNRACK\HomeMedia\hobbies\model building\plant displays\ranunculus\web-optimized\planning\templates\ran-planning-040.jpg","ranunculus","planning","ran-planning-040.jpg","FC6986D3951646FEFEAE2624BE2AB5FD"
"\\LSUK-SYNRACK\HomeMedia\hobbies\model building\plant displays\ranunculus\web-optimized\planning\templates\ran-planning-041.jpg","ranunculus","planning","ran-planning-041.jpg","64BC822E03C8B9E3E06136E66F795911"
"\\LSUK-SYNRACK\HomeMedia\hobbies\model building\plant displays\ranunculus\web-optimized\planning\templates\ran-planning-042.jpg","ranunculus","planning","ran-planning-042.jpg","667E0DC697EDC7AEBA14F7CFCAD13C90"
"\\LSUK-SYNRACK\HomeMedia\hobbies\model building\plant displays\snowdrops\web-optimized\build\sno-build-001.jpg","snowdrops","build","sno-build-001.jpg","E08EC967CAAF9D4262CDAA9ED654F4B5"
"\\LSUK-SYNRACK\HomeMedia\hobbies\model building\plant displays\snowdrops\web-optimized\build\sno-build-002.jpg","snowdrops","build","sno-build-002.jpg","A1306F43EEAF1E0781155D538EDB4B8B"
"\\LSUK-SYNRACK\HomeMedia\hobbies\model building\plant displays\snowdrops\web-optimized\gallery\sno-gallery-001.jpg","snowdrops","gallery","sno-gallery-001.jpg","46A7EA698D9DBB008CD65FB77FC46072"
"\\LSUK-SYNRACK\HomeMedia\hobbies\model building\plant displays\snowdrops\web-optimized\gallery\sno-gallery-002.jpg","snowdrops","gallery","sno-gallery-002.jpg","4309C54F2D5CB5DBE53891FF093BC878"
"\\LSUK-SYNRACK\HomeMedia\hobbies\model building\plant displays\snowdrops\web-optimized\gallery\sno-gallery-003.jpg","snowdrops","gallery","sno-gallery-003.jpg","AA8F70897EF4246FEB4E14A3C97B2822"
"\\LSUK-SYNRACK\HomeMedia\hobbies\model building\plant displays\snowdrops\web-optimized\gallery\sno-gallery-004.jpg","snowdrops","gallery","sno-gallery-004.jpg","D3C092090C3C2B7E67973D13C8A99BDF"
"\\LSUK-SYNRACK\HomeMedia\hobbies\model building\plant displays\snowdrops\web-optimized\gallery\sno-gallery-005.jpg","snowdrops","gallery","sno-gallery-005.jpg","16BBB1673E98E6E67DBB008848578A22"
"\\LSUK-SYNRACK\HomeMedia\hobbies\model building\plant displays\snowdrops\web-optimized\planning\sno-planning-001.jpg","snowdrops","planning","sno-planning-001.jpg","9992310F15252D8915A28CEFF58B6B96"
"\\LSUK-SYNRACK\HomeMedia\hobbies\model building\plant displays\snowdrops\web-optimized\planning\sno-planning-002.jpg","snowdrops","planning","sno-planning-002.jpg","BA016E6EC9B43C209AC31D0BE72ED07A"
"\\LSUK-SYNRACK\HomeMedia\hobbies\model building\plant displays\snowdrops\web-optimized\planning\sno-planning-003.jpg","snowdrops","planning","sno-planning-003.jpg","A13AEF5FEF488754F37054E09CA81E4E"
"\\LSUK-SYNRACK\HomeMedia\hobbies\model building\plant displays\snowdrops\web-optimized\planning\sno-planning-004.jpg","snowdrops","planning","sno-planning-004.jpg","ABE2E5D9BA8E18FD7951CA53E658D728"
"\\LSUK-SYNRACK\HomeMedia\hobbies\model building\plant displays\snowdrops\web-optimized\planning\sno-planning-005.jpg","snowdrops","planning","sno-planning-005.jpg","D238E4E26AD37C445938659897E42CA6"
"\\LSUK-SYNRACK\HomeMedia\hobbies\model building\plant displays\snowdrops\web-optimized\planning\sno-planning-006.jpg","snowdrops","planning","sno-planning-006.jpg","74BDEE8C3FDD01BE16321B177F1C5A8D"
"\\LSUK-SYNRACK\HomeMedia\hobbies\model building\plant displays\snowdrops\web-optimized\planning\sno-planning-007.jpg","snowdrops","planning","sno-planning-007.jpg","F7E2D2A1F665AEBAA8D8284FFD25D08C"
"\\LSUK-SYNRACK\HomeMedia\hobbies\model building\plant displays\snowdrops\web-optimized\planning\sno-planning-008.jpg","snowdrops","planning","sno-planning-008.jpg","BF2789D8BC3D0C309E064D1F0B866487"
"\\LSUK-SYNRACK\HomeMedia\hobbies\model building\plant displays\snowdrops\web-optimized\planning\sno-planning-009.jpg","snowdrops","planning","sno-planning-009.jpg","C279601FD7560EF0B2C66C8952BA44E6"
"\\LSUK-SYNRACK\HomeMedia\hobbies\model building\plant displays\snowdrops\web-optimized\planning\sno-planning-010.jpg","snowdrops","planning","sno-planning-010.jpg","B8AD913B1C1E94A4119B214A08A6FE91"
"\\LSUK-SYNRACK\HomeMedia\hobbies\model building\plant displays\snowdrops\web-optimized\planning\sno-planning-011.jpg","snowdrops","planning","sno-planning-011.jpg","BDF8752C62CA94E768F2EA491CC65888"
"\\LSUK-SYNRACK\HomeMedia\hobbies\model building\plant displays\snowdrops\web-optimized\planning\sno-planning-012.jpg","snowdrops","planning","sno-planning-012.jpg","52D633C82DE649224AC94CE3AFD639D9"
"\\LSUK-SYNRACK\HomeMedia\hobbies\model building\plant displays\snowdrops\web-optimized\planning\sno-planning-013.jpg","snowdrops","planning","sno-planning-013.jpg","BD085AAF484DAD972F77E75C1AEC222D"
"\\LSUK-SYNRACK\HomeMedia\hobbies\model building\plant displays\snowdrops\web-optimized\planning\sno-planning-014.jpg","snowdrops","planning","sno-planning-014.jpg","1BBDC3F036B7BC57AEF6CD859552A636"
"\\LSUK-SYNRACK\HomeMedia\hobbies\model building\plant displays\snowdrops\web-optimized\planning\sno-planning-015.jpg","snowdrops","planning","sno-planning-015.jpg","E0ACAC9A4E0508BEF95C3E258B2E2E3B"
"\\LSUK-SYNRACK\HomeMedia\hobbies\model building\plant displays\snowdrops\web-optimized\planning\sno-planning-016.jpg","snowdrops","planning","sno-planning-016.jpg","97CB99E6835ABC2B28C0A4B613DDCC8E"
"\\LSUK-SYNRACK\HomeMedia\hobbies\model building\plant displays\snowdrops\web-optimized\planning\sno-planning-017.jpg","snowdrops","planning","sno-planning-017.jpg","8351BC0FF5102E87A2D93F4916339D23"
"\\LSUK-SYNRACK\HomeMedia\hobbies\model building\plant displays\strelitzia\web-optimized\planning\str-planning-001.jpg","strelitzia","planning","str-planning-001.jpg","FED5358BCA023616D25090D4C87B7629"
"\\LSUK-SYNRACK\HomeMedia\hobbies\model building\plant displays\strelitzia\web-optimized\planning\str-planning-002.jpg","strelitzia","planning","str-planning-002.jpg","539343AA328FD5E3D0E81C0395F8484A"
"\\LSUK-SYNRACK\HomeMedia\hobbies\model building\plant displays\strelitzia\web-optimized\planning\str-planning-003.jpg","strelitzia","planning","str-planning-003.jpg","CAFC4C9D8175CB850E97D9636C17C471"
"\\LSUK-SYNRACK\HomeMedia\hobbies\model building\plant displays\strelitzia\web-optimized\planning\str-planning-004.jpg","strelitzia","planning","str-planning-004.jpg","65AC07014E44B0E8F1A442DF1BB5403A"
"\\LSUK-SYNRACK\HomeMedia\hobbies\model building\plant displays\strelitzia\web-optimized\planning\str-planning-005.jpg","strelitzia","planning","str-planning-005.jpg","D14C1F88A12ED32623FB5D480A15220E"
"\\LSUK-SYNRACK\HomeMedia\hobbies\model building\plant displays\strelitzia\web-optimized\planning\str-planning-006.jpg","strelitzia","planning","str-planning-006.jpg","A8447E489F305BEE041E3DB05BD89B72"
"\\LSUK-SYNRACK\HomeMedia\hobbies\model building\plant displays\strelitzia\web-optimized\planning\str-planning-007.jpg","strelitzia","planning","str-planning-007.jpg","B4E274E771DC03CEE77C358D0112CC7D"
